{
  "task": "ders",
  "variant": "ders_cross_backend_pettingzoo_il",
  "algo": "sbx_ppo",
  "seed": 0,
  "run_id": "ders_sbx_ppo_train_s0_20260424_161949_733241",
  "config_hash": "bf222337c364",
  "status": "completed",
  "split": "train",
  "backend": "sbx",
  "device": "cuda",
  "framework_version": "sbx-0.25.0",
  "metrics": {
    "train_final_return": -0.7526306115384892,
    "per_agent_final_return__bat_0": -0.6803684999999998,
    "per_agent_final_return__bat_1": -0.7136563500000002,
    "per_agent_final_return__bat_2": -0.7010875100000001,
    "per_agent_final_return__bat_3": -0.68907817,
    "per_agent_final_return__pv_0": -0.6659964100000001,
    "per_agent_final_return__pv_1": -0.70849019,
    "per_agent_final_return__pv_2": -0.6970661000000001,
    "per_agent_final_return__pv_3": -0.6873324100000001,
    "per_agent_final_return__fl_0": -0.6932960100000001,
    "per_agent_final_return__fl_1": -0.71594935,
    "per_agent_final_return__fl_2": -0.7374953200000002,
    "per_agent_final_return__fl_3": -0.73344042,
    "cost_reduction_pct": 0.0,
    "episode_idx": 14.5,
    "episode_reward": -0.6864251259650367,
    "episode_start": 3825.5333333333333,
    "loss_reduction_pct": 11.68114931775231,
    "max_overvoltage_dev": 0.0,
    "max_undervoltage_dev": 0.0,
    "mean_p_loss_mw": 0.1430052345760493,
    "mean_v_max": 1.0,
    "mean_v_min": 0.9730328645465128,
    "overvoltage_steps": 0.0,
    "total_cost": 0.0,
    "total_reward": -0.6864251259650367,
    "undervoltage_steps": 0.0,
    "voltage_safety_rate": 1.0,
    "voltage_violation_rate": 0.0,
    "voltage_violation_steps": 0.0,
    "final_return": -0.6864251259650367
  },
  "convergence": {},
  "walltime_s": 61882.68732900801,
  "throughput_sps": 161.59608497338834,
  "timestamp": "2026-04-25T09:32:23.478210+00:00",
  "notes": "cross-backend run via powerzoo_driver. powerzoo_task=marl_ders_benchmark access_path=pettingzoo_il rl_paradigm=scalable_safe_marl_cooperative n_agents=12 algorithm=SBX_PPO train_split=train eval_split=iid. official_eval_run_ids=['ders_sbx_ppo_train_s0_20260425_093128_401227', 'ders_sbx_ppo_iid_s0_20260425_093142_211566', 'ders_sbx_ppo_voltage_tightening_s0_20260425_093155_766047', 'ders_sbx_ppo_pv_penetration_shift_s0_20260425_093209_551573', 'ders_sbx_ppo_load_stress_s0_20260425_093223_261732'].",
  "env_info": {
    "python": "3.12.3",
    "jax": "0.7.1",
    "jaxlib": "0.7.1",
    "jax_backend": "gpu",
    "jax_device_kind": "NVIDIA RTX 4500 Ada Generation",
    "cuda": "NVIDIA RTX 4500 Ada Generation",
    "nvidia_driver": "580.82.07",
    "nvidia_gpu_name": "NVIDIA RTX 4500 Ada Generation",
    "dataset_names": "ausgrid_zone_substation_fy25_imputed..gb_gen_by_type",
    "dataset_resolved_path": "<repo-root>/powerzoojax/data/parquet/Ausgrid_Zone_Substation_FY25_imputed_15min.parquet..<repo-root>/powerzoojax/data/parquet/GB_Gen_by_Type_2016_2025_30min.parquet",
    "dataset_checksum": "{\"ausgrid_zone_substation_fy25_imputed\": \"0dd0ad6eb4bc95b76beb4be4eb96e6a8bfacdb399d0632b5de82e55ad1ba88db\", \"gb_gen_by_type\": \"7b2d8ed8bfcc29e818c176b72ac13a9532a60853de0b8394ac2d2b142860edd3\"}",
    "dataset_fingerprint": "05141e257103eb329ab18c2f694e54ff88b4453ea0cab176a6874814480bedc9",
    "split_ids": "train",
    "split_window": "{\"eval_episodes\": 30, \"max_steps\": 48, \"split\": \"train\"}",
    "synthetic_fallback_used": "False",
    "data_provenance_ok": "True",
    "data_provenance_failures": "[]",
    "official_provenance": "True",
    "declared_backend": "python_torch",
    "actual_backend": "cuda",
    "declared_device": "cuda",
    "actual_device": "gpu",
    "actual_device_kind": "NVIDIA RTX 4500 Ada Generation",
    "requested_device": "cuda",
    "requested_device_normalized": "gpu",
    "actual_runtime_device": "gpu",
    "actual_runtime_backend": "cuda",
    "actual_runtime_device_kind": "NVIDIA RTX 4500 Ada Generation",
    "runtime_family": "torch",
    "device_contract_ok": "true",
    "cpu_affinity": "0,1,2,3,4,5,6,7,8,9,10,11,12,13,14,15,16,17,18,19,20,21,22,23,24,25,26,27,28,29,30,31,32,33,34,35,36,37,38,39,40,41,42,43,44,45,46,47,48,49,50,51,52,53,54,55,56,57,58,59,60,61,62,63,64,65,66,67,68,69,70,71,72,73,74,75,76,77,78,79,80,81,82,83,84,85,86,87,88,89,90,91,92,93,94,95,96,97,98,99,100,101,102,103,104,105,106,107,108,109,110,111,112,113,114,115,116,117,118,119,120,121,122,123,124,125,126,127",
    "OMP_NUM_THREADS": "",
    "MKL_NUM_THREADS": "",
    "OPENBLAS_NUM_THREADS": "",
    "NUMEXPR_NUM_THREADS": ""
  },
  "labels": {
    "runtime_family": "torch",
    "declared_backend": "python_torch",
    "actual_backend": "cuda",
    "declared_device": "cuda",
    "actual_device": "gpu",
    "actual_device_kind": "NVIDIA RTX 4500 Ada Generation",
    "requested_device": "cuda",
    "requested_device_normalized": "gpu",
    "actual_runtime_device": "gpu",
    "actual_runtime_backend": "cuda",
    "actual_runtime_device_kind": "NVIDIA RTX 4500 Ada Generation",
    "device_contract_ok": true,
    "device_recorded_as": "cuda",
    "cpu_affinity": "0,1,2,3,4,5,6,7,8,9,10,11,12,13,14,15,16,17,18,19,20,21,22,23,24,25,26,27,28,29,30,31,32,33,34,35,36,37,38,39,40,41,42,43,44,45,46,47,48,49,50,51,52,53,54,55,56,57,58,59,60,61,62,63,64,65,66,67,68,69,70,71,72,73,74,75,76,77,78,79,80,81,82,83,84,85,86,87,88,89,90,91,92,93,94,95,96,97,98,99,100,101,102,103,104,105,106,107,108,109,110,111,112,113,114,115,116,117,118,119,120,121,122,123,124,125,126,127",
    "cpu_core_budget": 128,
    "thread_settings": {
      "OMP_NUM_THREADS": "",
      "MKL_NUM_THREADS": "",
      "OPENBLAS_NUM_THREADS": "",
      "NUMEXPR_NUM_THREADS": ""
    },
    "backend_family": "python_torch",
    "algo_family": "frozen_self_play_il",
    "rl_paradigm": "scalable_safe_marl_cooperative",
    "train_split": "train",
    "eval_split": "iid",
    "split_status": "train_then_eval",
    "cross_backend_gap_note": "frozen_self_play_il",
    "requested_continuous_action_dist": "gaussian",
    "effective_continuous_action_dist": "gaussian",
    "policy_class": "MlpPolicy",
    "record_kind": "train"
  },
  "artifacts": {
    "config": "artifacts/ders_sbx_ppo_train_s0_20260424_161949_733241_config.json"
  },
  "evidence_tier": null,
  "comparison_audited": null,
  "audit_suite_version": null,
  "parity_scope": null,
  "suppress_reason": null
}
