{
  "dim_0": {
    "mean": 0.09883823990821838,
    "std": 0.9164101481437683,
    "min": -1.0,
    "max": 1.0,
    "p25": -1.0,
    "p75": 1.0
  },
  "dim_1": {
    "mean": 0.07626307755708694,
    "std": 0.8982892036437988,
    "min": -1.0,
    "max": 1.0,
    "p25": -1.0,
    "p75": 1.0
  },
  "dim_2": {
    "mean": 0.09378209710121155,
    "std": 0.9092469811439514,
    "min": -1.0,
    "max": 1.0,
    "p25": -1.0,
    "p75": 1.0
  }
}