{
  "dim_0": {
    "mean": -0.03152924403548241,
    "std": 0.9979097843170166,
    "min": -1.0,
    "max": 1.0,
    "p25": -1.0,
    "p75": 1.0
  },
  "dim_1": {
    "mean": 0.08313676714897156,
    "std": 0.9951448440551758,
    "min": -1.0,
    "max": 1.0,
    "p25": -1.0,
    "p75": 1.0
  },
  "dim_2": {
    "mean": -0.20000000298023224,
    "std": 0.9797959923744202,
    "min": -1.0,
    "max": 1.0,
    "p25": -1.0,
    "p75": 1.0
  }
}