{
  "dim_0": {
    "mean": -0.0310423132032156,
    "std": 0.9977179765701294,
    "min": -1.0,
    "max": 1.0,
    "p25": -1.0,
    "p75": 1.0
  },
  "dim_1": {
    "mean": 0.08246442675590515,
    "std": 0.9954875707626343,
    "min": -1.0,
    "max": 1.0,
    "p25": -1.0,
    "p75": 1.0
  },
  "dim_2": {
    "mean": -0.20000000298023224,
    "std": 0.9797959923744202,
    "min": -1.0,
    "max": 1.0,
    "p25": -1.0,
    "p75": 1.0
  }
}