{
  "dim_0": {
    "mean": -0.06074395775794983,
    "std": 0.83130943775177,
    "min": -1.0,
    "max": 1.0,
    "p25": -1.0,
    "p75": 0.6063262671232224
  },
  "dim_1": {
    "mean": -0.061398133635520935,
    "std": 0.8610117435455322,
    "min": -1.0,
    "max": 1.0,
    "p25": -1.0,
    "p75": 0.7459435909986496
  },
  "dim_2": {
    "mean": 0.022571291774511337,
    "std": 0.8558923602104187,
    "min": -1.0,
    "max": 1.0,
    "p25": -1.0,
    "p75": 0.8077906221151352
  }
}