{
  "dim_0": {
    "mean": 0.10062757879495621,
    "std": 0.9172318577766418,
    "min": -1.0,
    "max": 1.0,
    "p25": -1.0,
    "p75": 1.0
  },
  "dim_1": {
    "mean": 0.08194351196289062,
    "std": 0.901880145072937,
    "min": -1.0,
    "max": 1.0,
    "p25": -1.0,
    "p75": 1.0
  },
  "dim_2": {
    "mean": 0.09770838171243668,
    "std": 0.9118228554725647,
    "min": -1.0,
    "max": 1.0,
    "p25": -1.0,
    "p75": 1.0
  }
}