{
  "dim_0": {
    "mean": -0.013171874918043613,
    "std": 0.9949213266372681,
    "min": -1.0,
    "max": 1.0,
    "p25": -1.0,
    "p75": 1.0
  },
  "dim_1": {
    "mean": 0.13669584691524506,
    "std": 0.9670416712760925,
    "min": -1.0,
    "max": 1.0,
    "p25": -1.0,
    "p75": 1.0
  },
  "dim_2": {
    "mean": -0.33588868379592896,
    "std": 0.9284067749977112,
    "min": -1.0,
    "max": 1.0,
    "p25": -1.0,
    "p75": 1.0
  }
}