{
  "dim_0": {
    "mean": -0.031085249036550522,
    "std": 0.9977495670318604,
    "min": -1.0,
    "max": 1.0,
    "p25": -1.0,
    "p75": 1.0
  },
  "dim_1": {
    "mean": 0.08156894147396088,
    "std": 0.9954354166984558,
    "min": -1.0,
    "max": 1.0,
    "p25": -1.0,
    "p75": 1.0
  },
  "dim_2": {
    "mean": -0.20000000298023224,
    "std": 0.9797959923744202,
    "min": -1.0,
    "max": 1.0,
    "p25": -1.0,
    "p75": 1.0
  }
}