{
  "dim_0": {
    "mean": -0.012323232367634773,
    "std": 0.9952216148376465,
    "min": -1.0,
    "max": 1.0,
    "p25": -1.0,
    "p75": 1.0
  },
  "dim_1": {
    "mean": 0.1361771672964096,
    "std": 0.9677790999412537,
    "min": -1.0,
    "max": 1.0,
    "p25": -1.0,
    "p75": 1.0
  },
  "dim_2": {
    "mean": -0.34642457962036133,
    "std": 0.9221715331077576,
    "min": -1.0,
    "max": 1.0,
    "p25": -1.0,
    "p75": 1.0
  }
}