{
  "dim_0": {
    "mean": -0.03209349140524864,
    "std": 0.9979791641235352,
    "min": -1.0,
    "max": 1.0,
    "p25": -1.0,
    "p75": 1.0
  },
  "dim_1": {
    "mean": 0.08411303907632828,
    "std": 0.995074450969696,
    "min": -1.0,
    "max": 1.0,
    "p25": -1.0,
    "p75": 1.0
  },
  "dim_2": {
    "mean": -0.20000000298023224,
    "std": 0.9797959923744202,
    "min": -1.0,
    "max": 1.0,
    "p25": -1.0,
    "p75": 1.0
  }
}