{
  "dim_0": {
    "mean": 0.10213575512170792,
    "std": 0.9179261326789856,
    "min": -1.0,
    "max": 1.0,
    "p25": -1.0,
    "p75": 1.0
  },
  "dim_1": {
    "mean": 0.08693572878837585,
    "std": 0.9051535725593567,
    "min": -1.0,
    "max": 1.0,
    "p25": -1.0,
    "p75": 1.0
  },
  "dim_2": {
    "mean": 0.10084638744592667,
    "std": 0.9138513207435608,
    "min": -1.0,
    "max": 1.0,
    "p25": -1.0,
    "p75": 1.0
  }
}