{
  "dim_0": {
    "mean": -0.011898248456418514,
    "std": 0.9949653744697571,
    "min": -1.0,
    "max": 1.0,
    "p25": -1.0,
    "p75": 1.0
  },
  "dim_1": {
    "mean": 0.1379726380109787,
    "std": 0.9679495096206665,
    "min": -1.0,
    "max": 1.0,
    "p25": -1.0,
    "p75": 1.0
  },
  "dim_2": {
    "mean": -0.34573718905448914,
    "std": 0.9225456118583679,
    "min": -1.0,
    "max": 1.0,
    "p25": -1.0,
    "p75": 1.0
  }
}