{
  "dim_0": {
    "mean": -0.024707604199647903,
    "std": 0.8214705586433411,
    "min": -1.0,
    "max": 1.0,
    "p25": -1.0,
    "p75": 0.6137801706790924
  },
  "dim_1": {
    "mean": -0.06710808724164963,
    "std": 0.8206333518028259,
    "min": -1.0,
    "max": 1.0,
    "p25": -1.0,
    "p75": 0.5625843405723572
  },
  "dim_2": {
    "mean": 0.07326911389827728,
    "std": 0.8970357775688171,
    "min": -1.0,
    "max": 1.0,
    "p25": -1.0,
    "p75": 1.0
  }
}