{
  "dim_0": {
    "mean": -0.21469029784202576,
    "std": 0.9663078784942627,
    "min": -1.0,
    "max": 1.0,
    "p25": -1.0,
    "p75": 1.0
  },
  "dim_1": {
    "mean": 0.15078841149806976,
    "std": 0.9585879445075989,
    "min": -1.0,
    "max": 1.0,
    "p25": -1.0,
    "p75": 1.0
  },
  "dim_2": {
    "mean": -0.17087365686893463,
    "std": 0.9634878635406494,
    "min": -1.0,
    "max": 1.0,
    "p25": -1.0,
    "p75": 1.0
  }
}