{
  "dim_0": {
    "mean": -0.011198243126273155,
    "std": 0.8309832811355591,
    "min": -1.0,
    "max": 1.0,
    "p25": -1.0,
    "p75": 0.6428793966770172
  },
  "dim_1": {
    "mean": -0.06223030760884285,
    "std": 0.8234420418739319,
    "min": -1.0,
    "max": 1.0,
    "p25": -1.0,
    "p75": 0.5862424075603485
  },
  "dim_2": {
    "mean": 0.07965641468763351,
    "std": 0.9013509154319763,
    "min": -1.0,
    "max": 1.0,
    "p25": -1.0,
    "p75": 1.0
  }
}