{
  "dim_0": {
    "mean": -0.21515758335590363,
    "std": 0.9656819701194763,
    "min": -1.0,
    "max": 1.0,
    "p25": -1.0,
    "p75": 1.0
  },
  "dim_1": {
    "mean": 0.14883622527122498,
    "std": 0.9574846625328064,
    "min": -1.0,
    "max": 1.0,
    "p25": -1.0,
    "p75": 1.0
  },
  "dim_2": {
    "mean": -0.1652740240097046,
    "std": 0.9642282128334045,
    "min": -1.0,
    "max": 1.0,
    "p25": -1.0,
    "p75": 1.0
  }
}