{
  "dim_0": {
    "mean": -0.010856005363166332,
    "std": 0.9947527647018433,
    "min": -1.0,
    "max": 1.0,
    "p25": -1.0,
    "p75": 1.0
  },
  "dim_1": {
    "mean": 0.1398373693227768,
    "std": 0.9681469202041626,
    "min": -1.0,
    "max": 1.0,
    "p25": -1.0,
    "p75": 1.0
  },
  "dim_2": {
    "mean": -0.345370888710022,
    "std": 0.9228564500808716,
    "min": -1.0,
    "max": 1.0,
    "p25": -1.0,
    "p75": 1.0
  }
}