{
  "dim_0": {
    "mean": -0.018150292336940765,
    "std": 0.8260836005210876,
    "min": -1.0,
    "max": 1.0,
    "p25": -1.0,
    "p75": 0.6286158263683319
  },
  "dim_1": {
    "mean": -0.06470999866724014,
    "std": 0.822024405002594,
    "min": -1.0,
    "max": 1.0,
    "p25": -1.0,
    "p75": 0.5748214423656464
  },
  "dim_2": {
    "mean": 0.07648967206478119,
    "std": 0.899215042591095,
    "min": -1.0,
    "max": 1.0,
    "p25": -1.0,
    "p75": 1.0
  }
}