{
  "dim_0": {
    "mean": -0.2160550206899643,
    "std": 0.9650409817695618,
    "min": -1.0,
    "max": 1.0,
    "p25": -1.0,
    "p75": 1.0
  },
  "dim_1": {
    "mean": 0.1499948501586914,
    "std": 0.9583641290664673,
    "min": -1.0,
    "max": 1.0,
    "p25": -1.0,
    "p75": 1.0
  },
  "dim_2": {
    "mean": -0.17088931798934937,
    "std": 0.9621655344963074,
    "min": -1.0,
    "max": 1.0,
    "p25": -1.0,
    "p75": 1.0
  }
}