{
  "dim_0": {
    "mean": -0.05100718140602112,
    "std": 0.8376486897468567,
    "min": -1.0,
    "max": 1.0,
    "p25": -1.0,
    "p75": 0.6286868155002594
  },
  "dim_1": {
    "mean": -0.05022699385881424,
    "std": 0.8669878840446472,
    "min": -1.0,
    "max": 1.0,
    "p25": -1.0,
    "p75": 0.7747927159070969
  },
  "dim_2": {
    "mean": 0.029390716925263405,
    "std": 0.8608831763267517,
    "min": -1.0,
    "max": 1.0,
    "p25": -1.0,
    "p75": 0.8260580897331238
  }
}