{
  "dim_0": {
    "mean": 0.10037195682525635,
    "std": 0.9168344140052795,
    "min": -1.0,
    "max": 1.0,
    "p25": -1.0,
    "p75": 1.0
  },
  "dim_1": {
    "mean": 0.07921800762414932,
    "std": 0.8988126516342163,
    "min": -1.0,
    "max": 1.0,
    "p25": -1.0,
    "p75": 1.0
  },
  "dim_2": {
    "mean": 0.09762010723352432,
    "std": 0.9109588265419006,
    "min": -1.0,
    "max": 1.0,
    "p25": -1.0,
    "p75": 1.0
  }
}