{
  "dim_0": {
    "mean": -0.21673017740249634,
    "std": 0.9644424319267273,
    "min": -1.0,
    "max": 1.0,
    "p25": -1.0,
    "p75": 1.0
  },
  "dim_1": {
    "mean": 0.14979790151119232,
    "std": 0.9583375453948975,
    "min": -1.0,
    "max": 1.0,
    "p25": -1.0,
    "p75": 1.0
  },
  "dim_2": {
    "mean": -0.17183461785316467,
    "std": 0.9610630869865417,
    "min": -1.0,
    "max": 1.0,
    "p25": -1.0,
    "p75": 1.0
  }
}