{
  "dim_0": {
    "mean": -0.017351532354950905,
    "std": 0.8263009190559387,
    "min": -1.0,
    "max": 1.0,
    "p25": -1.0,
    "p75": 0.6247478872537613
  },
  "dim_1": {
    "mean": -0.06366946548223495,
    "std": 0.8218731880187988,
    "min": -1.0,
    "max": 1.0,
    "p25": -1.0,
    "p75": 0.560653805732727
  },
  "dim_2": {
    "mean": 0.0758802592754364,
    "std": 0.8977974653244019,
    "min": -1.0,
    "max": 1.0,
    "p25": -1.0,
    "p75": 1.0
  }
}