{
  "dim_0": {
    "mean": -0.0528445765376091,
    "std": 0.8353685140609741,
    "min": -1.0,
    "max": 1.0,
    "p25": -1.0,
    "p75": 0.631810873746872
  },
  "dim_1": {
    "mean": -0.05285319685935974,
    "std": 0.8633832335472107,
    "min": -1.0,
    "max": 1.0,
    "p25": -1.0,
    "p75": 0.7673802375793457
  },
  "dim_2": {
    "mean": 0.026499290019273758,
    "std": 0.8585471510887146,
    "min": -1.0,
    "max": 1.0,
    "p25": -1.0,
    "p75": 0.8192084431648254
  }
}