{
  "dim_0": {
    "mean": -0.06751520931720734,
    "std": 0.8285112977027893,
    "min": -1.0,
    "max": 1.0,
    "p25": -1.0,
    "p75": 0.5830305069684982
  },
  "dim_1": {
    "mean": -0.06899093836545944,
    "std": 0.8592371344566345,
    "min": -1.0,
    "max": 1.0,
    "p25": -1.0,
    "p75": 0.7214605361223221
  },
  "dim_2": {
    "mean": 0.019251607358455658,
    "std": 0.8537416458129883,
    "min": -1.0,
    "max": 1.0,
    "p25": -1.0,
    "p75": 0.7996474802494049
  }
}