{
  "dim_0": {
    "mean": 0.8587591648101807,
    "std": 0.4361248314380646,
    "min": -1.0,
    "max": 1.0,
    "p25": 1.0,
    "p75": 1.0
  },
  "dim_1": {
    "mean": -0.7565793395042419,
    "std": 0.3637213110923767,
    "min": -1.0,
    "max": 1.0,
    "p25": -1.0,
    "p75": -0.713808998465538
  },
  "dim_2": {
    "mean": 0.257018119096756,
    "std": 0.8565950989723206,
    "min": -1.0,
    "max": 1.0,
    "p25": -1.0,
    "p75": 0.922008752822876
  },
  "dim_3": {
    "mean": 0.08435888588428497,
    "std": 0.5562270879745483,
    "min": -1.0,
    "max": 1.0,
    "p25": -0.11589505709707737,
    "p75": 0.4400564953684807
  },
  "dim_4": {
    "mean": 0.28631332516670227,
    "std": 0.7737687230110168,
    "min": -1.0,
    "max": 1.0,
    "p25": -0.6266974657773972,
    "p75": 0.8605069667100906
  },
  "dim_5": {
    "mean": 0.4247340261936188,
    "std": 0.6995043754577637,
    "min": -1.0,
    "max": 1.0,
    "p25": 0.05318186618387699,
    "p75": 1.0
  },
  "dim_6": {
    "mean": 0.561652421951294,
    "std": 0.7402401566505432,
    "min": -1.0,
    "max": 1.0,
    "p25": 0.2583543360233307,
    "p75": 1.0
  },
  "dim_7": {
    "mean": 0.20645888149738312,
    "std": 0.9472681879997253,
    "min": -1.0,
    "max": 1.0,
    "p25": -1.0,
    "p75": 1.0
  },
  "dim_8": {
    "mean": -0.016131583601236343,
    "std": 0.4531462788581848,
    "min": -0.6564107537269592,
    "max": 1.0,
    "p25": -0.3567695990204811,
    "p75": 0.3168187290430069
  },
  "dim_9": {
    "mean": -0.29428529739379883,
    "std": 0.6024690866470337,
    "min": -1.0,
    "max": 1.0,
    "p25": -0.8985160142183304,
    "p75": 0.08625420928001404
  },
  "dim_10": {
    "mean": -0.29814592003822327,
    "std": 0.5763372182846069,
    "min": -1.0,
    "max": 1.0,
    "p25": -0.6933051347732544,
    "p75": -0.100038081407547
  },
  "dim_11": {
    "mean": -0.16581806540489197,
    "std": 0.6547162532806396,
    "min": -1.0,
    "max": 0.8882448077201843,
    "p25": -0.874819353222847,
    "p75": 0.47831861674785614
  },
  "dim_12": {
    "mean": 0.4875251054763794,
    "std": 0.6887452602386475,
    "min": -1.0,
    "max": 1.0,
    "p25": 0.029380176216363907,
    "p75": 1.0
  },
  "dim_13": {
    "mean": 0.22595857083797455,
    "std": 0.4402589499950409,
    "min": -1.0,
    "max": 1.0,
    "p25": -0.05108132213354111,
    "p75": 0.5154426544904709
  },
  "dim_14": {
    "mean": 0.17425578832626343,
    "std": 0.686077356338501,
    "min": -1.0,
    "max": 1.0,
    "p25": -0.4085116907954216,
    "p75": 1.0
  },
  "dim_15": {
    "mean": -0.126473069190979,
    "std": 0.2816272974014282,
    "min": -0.7676995396614075,
    "max": 0.5071650743484497,
    "p25": -0.3242459371685982,
    "p75": 0.0830715037882328
  },
  "dim_16": {
    "mean": 0.5058400630950928,
    "std": 0.4656037390232086,
    "min": 0.0,
    "max": 1.0,
    "p25": 0.0,
    "p75": 1.0
  },
  "dim_17": {
    "mean": 0.6041666865348816,
    "std": 0.4890289306640625,
    "min": 0.0,
    "max": 1.0,
    "p25": 0.0,
    "p75": 1.0
  },
  "dim_18": {
    "mean": 0.875,
    "std": 0.33071890473365784,
    "min": 0.0,
    "max": 1.0,
    "p25": 1.0,
    "p75": 1.0
  },
  "dim_19": {
    "mean": 0.2572002112865448,
    "std": 0.37104523181915283,
    "min": 0.0,
    "max": 1.0,
    "p25": 0.0,
    "p75": 0.655834972858429
  },
  "dim_20": {
    "mean": 0.655053973197937,
    "std": 0.27269840240478516,
    "min": 0.0,
    "max": 1.0,
    "p25": 0.6378381103277206,
    "p75": 0.7952311336994171
  },
  "dim_21": {
    "mean": 0.23391689360141754,
    "std": 0.15354090929031372,
    "min": 0.0,
    "max": 0.6183260679244995,
    "p25": 0.14772573485970497,
    "p75": 0.31367485225200653
  },
  "dim_22": {
    "mean": 0.7668484449386597,
    "std": 0.3822157382965088,
    "min": 0.0,
    "max": 1.0,
    "p25": 0.4483324959874153,
    "p75": 1.0
  },
  "dim_23": {
    "mean": 0.6053240299224854,
    "std": 0.3256843388080597,
    "min": 0.0,
    "max": 0.9346552491188049,
    "p25": 0.27153464406728745,
    "p75": 0.8075898438692093
  }
}