{
  "dim_0": {
    "mean": -0.49110716581344604,
    "std": 0.6675019860267639,
    "min": -1.0,
    "max": 1.0,
    "p25": -1.0,
    "p75": -0.3681131452322006
  },
  "dim_1": {
    "mean": -0.37917572259902954,
    "std": 0.6046886444091797,
    "min": -1.0,
    "max": 1.0,
    "p25": -0.8102720975875854,
    "p75": -0.06662854552268982
  },
  "dim_2": {
    "mean": -0.15541021525859833,
    "std": 0.8360146880149841,
    "min": -1.0,
    "max": 1.0,
    "p25": -1.0,
    "p75": 0.8205446600914001
  },
  "dim_3": {
    "mean": 0.80073481798172,
    "std": 0.20142170786857605,
    "min": 0.35867398977279663,
    "max": 1.0,
    "p25": 0.6342297941446304,
    "p75": 0.9932055622339249
  },
  "dim_4": {
    "mean": -0.8822170495986938,
    "std": 0.20022203028202057,
    "min": -1.0,
    "max": -0.3034001588821411,
    "p25": -1.0,
    "p75": -0.8379147499799728
  },
  "dim_5": {
    "mean": 0.07517872750759125,
    "std": 0.5866594314575195,
    "min": -0.7702604532241821,
    "max": 1.0,
    "p25": -0.49765530973672867,
    "p75": 0.6743903607130051
  },
  "dim_6": {
    "mean": 0.07979372143745422,
    "std": 0.800463080406189,
    "min": -1.0,
    "max": 1.0,
    "p25": -0.8597903400659561,
    "p75": 0.8107358813285828
  },
  "dim_7": {
    "mean": -0.3496599793434143,
    "std": 0.5828221440315247,
    "min": -1.0,
    "max": 1.0,
    "p25": -0.9432625770568848,
    "p75": 0.060879130847752094
  },
  "dim_8": {
    "mean": 0.14671218395233154,
    "std": 0.7524037957191467,
    "min": -1.0,
    "max": 1.0,
    "p25": -0.5220364779233932,
    "p75": 1.0
  },
  "dim_9": {
    "mean": 0.2623516023159027,
    "std": 0.9026967883110046,
    "min": -1.0,
    "max": 1.0,
    "p25": -1.0,
    "p75": 1.0
  },
  "dim_10": {
    "mean": -0.32198935747146606,
    "std": 0.766425609588623,
    "min": -1.0,
    "max": 1.0,
    "p25": -1.0,
    "p75": 0.3511176109313965
  },
  "dim_11": {
    "mean": 0.03882630541920662,
    "std": 0.5318006873130798,
    "min": -1.0,
    "max": 0.8800457715988159,
    "p25": -0.19077928364276886,
    "p75": 0.46010470390319824
  },
  "dim_12": {
    "mean": 0.3473459482192993,
    "std": 0.6401129961013794,
    "min": -1.0,
    "max": 1.0,
    "p25": -0.19025255739688873,
    "p75": 1.0
  },
  "dim_13": {
    "mean": 0.5572084188461304,
    "std": 0.36211371421813965,
    "min": -0.6078762412071228,
    "max": 1.0,
    "p25": 0.2843228876590729,
    "p75": 0.8993061631917953
  },
  "dim_14": {
    "mean": 0.37904950976371765,
    "std": 0.726674497127533,
    "min": -1.0,
    "max": 1.0,
    "p25": -0.30584029108285904,
    "p75": 1.0
  },
  "dim_15": {
    "mean": 0.5978475213050842,
    "std": 0.5329477787017822,
    "min": -0.6980285048484802,
    "max": 1.0,
    "p25": 0.07983775809407234,
    "p75": 1.0
  },
  "dim_16": {
    "mean": 0.5414559841156006,
    "std": 0.4822746515274048,
    "min": 0.0,
    "max": 1.0,
    "p25": 0.0,
    "p75": 1.0
  },
  "dim_17": {
    "mean": 0.24327468872070312,
    "std": 0.37535032629966736,
    "min": 0.0,
    "max": 1.0,
    "p25": 0.0,
    "p75": 0.2976446822285652
  },
  "dim_18": {
    "mean": 0.839009165763855,
    "std": 0.26070311665534973,
    "min": 0.10155751556158066,
    "max": 1.0,
    "p25": 0.7521595358848572,
    "p75": 1.0
  },
  "dim_19": {
    "mean": 0.11102356016635895,
    "std": 0.27817192673683167,
    "min": 0.0,
    "max": 1.0,
    "p25": 0.0,
    "p75": 0.0
  },
  "dim_20": {
    "mean": 0.21782006323337555,
    "std": 0.3725648820400238,
    "min": 0.0,
    "max": 1.0,
    "p25": 0.0,
    "p75": 0.3621343821287155
  },
  "dim_21": {
    "mean": 0.35568857192993164,
    "std": 0.4141400158405304,
    "min": 0.0,
    "max": 1.0,
    "p25": 0.0,
    "p75": 0.7441186308860779
  },
  "dim_22": {
    "mean": 0.8956626653671265,
    "std": 0.14523720741271973,
    "min": 0.3389599323272705,
    "max": 1.0,
    "p25": 0.7647760212421417,
    "p75": 1.0
  },
  "dim_23": {
    "mean": 0.33991992473602295,
    "std": 0.45011720061302185,
    "min": 0.0,
    "max": 1.0,
    "p25": 0.0,
    "p75": 0.9590648412704468
  }
}