{
  "dim_0": {
    "mean": -0.021271560341119766,
    "std": 0.874164879322052,
    "min": -1.0,
    "max": 1.0,
    "p25": -1.0,
    "p75": 1.0
  },
  "dim_1": {
    "mean": 0.11007405072450638,
    "std": 0.904617190361023,
    "min": -1.0,
    "max": 1.0,
    "p25": -1.0,
    "p75": 1.0
  },
  "dim_2": {
    "mean": 0.39184051752090454,
    "std": 0.6481852531433105,
    "min": -1.0,
    "max": 1.0,
    "p25": -0.0015322621911764145,
    "p75": 1.0
  },
  "dim_3": {
    "mean": 0.45236167311668396,
    "std": 0.7924354672431946,
    "min": -1.0,
    "max": 1.0,
    "p25": 0.013598568737506866,
    "p75": 1.0
  },
  "dim_4": {
    "mean": -0.30058303475379944,
    "std": 0.8191546201705933,
    "min": -1.0,
    "max": 1.0,
    "p25": -1.0,
    "p75": 0.5087562799453735
  },
  "dim_5": {
    "mean": 0.7957450151443481,
    "std": 0.5351918935775757,
    "min": -1.0,
    "max": 1.0,
    "p25": 1.0,
    "p75": 1.0
  },
  "dim_6": {
    "mean": -0.03598366305232048,
    "std": 0.7833671569824219,
    "min": -1.0,
    "max": 1.0,
    "p25": -0.7662861347198486,
    "p75": 0.8344104290008545
  },
  "dim_7": {
    "mean": -0.6925117373466492,
    "std": 0.36864566802978516,
    "min": -1.0,
    "max": 1.0,
    "p25": -1.0,
    "p75": -0.44915395975112915
  },
  "dim_8": {
    "mean": -0.5474207401275635,
    "std": 0.7149967551231384,
    "min": -1.0,
    "max": 1.0,
    "p25": -1.0,
    "p75": -0.02642299421131611
  },
  "dim_9": {
    "mean": 0.6984933614730835,
    "std": 0.38546931743621826,
    "min": -0.25003015995025635,
    "max": 1.0,
    "p25": 0.2314172089099884,
    "p75": 1.0
  },
  "dim_10": {
    "mean": -0.19440937042236328,
    "std": 0.7428070306777954,
    "min": -1.0,
    "max": 1.0,
    "p25": -0.7468666434288025,
    "p75": 0.5060954093933105
  },
  "dim_11": {
    "mean": 0.1051788404583931,
    "std": 0.7398982644081116,
    "min": -1.0,
    "max": 1.0,
    "p25": -0.44739916920661926,
    "p75": 1.0
  },
  "dim_12": {
    "mean": -0.5720646381378174,
    "std": 0.5727099776268005,
    "min": -1.0,
    "max": 1.0,
    "p25": -1.0,
    "p75": -0.05753207579255104
  },
  "dim_13": {
    "mean": 0.49906080961227417,
    "std": 0.1852656751871109,
    "min": -0.00880645215511322,
    "max": 1.0,
    "p25": 0.38997316360473633,
    "p75": 0.6258615851402283
  },
  "dim_14": {
    "mean": -0.8753860592842102,
    "std": 0.22583827376365662,
    "min": -1.0,
    "max": -0.1518699675798416,
    "p25": -1.0,
    "p75": -0.8264885544776917
  },
  "dim_15": {
    "mean": 0.19746559858322144,
    "std": 0.16948959231376648,
    "min": -0.5928286910057068,
    "max": 0.463783323764801,
    "p25": 0.09921526163816452,
    "p75": 0.3195749521255493
  },
  "dim_16": {
    "mean": 0.8636167645454407,
    "std": 0.19175204634666443,
    "min": 0.0,
    "max": 1.0,
    "p25": 0.7552135586738586,
    "p75": 1.0
  },
  "dim_17": {
    "mean": 0.8782986402511597,
    "std": 0.24194759130477905,
    "min": 0.0,
    "max": 1.0,
    "p25": 0.8306111693382263,
    "p75": 1.0
  },
  "dim_18": {
    "mean": 0.698162853717804,
    "std": 0.4442838132381439,
    "min": 0.0,
    "max": 1.0,
    "p25": 0.04227994754910469,
    "p75": 1.0
  },
  "dim_19": {
    "mean": 0.5036466717720032,
    "std": 0.4940664768218994,
    "min": 0.0,
    "max": 1.0,
    "p25": 0.0,
    "p75": 1.0
  },
  "dim_20": {
    "mean": 0.7192209959030151,
    "std": 0.3310185968875885,
    "min": 0.0,
    "max": 1.0,
    "p25": 0.5384000539779663,
    "p75": 1.0
  },
  "dim_21": {
    "mean": 0.0,
    "std": 0.0,
    "min": 0.0,
    "max": 0.0,
    "p25": 0.0,
    "p75": 0.0
  },
  "dim_22": {
    "mean": 0.5110761523246765,
    "std": 0.39483001828193665,
    "min": 0.0,
    "max": 1.0,
    "p25": 0.0,
    "p75": 0.7590027451515198
  },
  "dim_23": {
    "mean": 0.3666348457336426,
    "std": 0.4632014036178589,
    "min": 0.0,
    "max": 1.0,
    "p25": 0.0,
    "p75": 1.0
  }
}