{
  "dim_0": {
    "mean": -0.5479825139045715,
    "std": 0.6251314282417297,
    "min": -1.0,
    "max": 1.0,
    "p25": -1.0,
    "p75": 0.149468582123518
  },
  "dim_1": {
    "mean": -0.2064289152622223,
    "std": 0.8141795992851257,
    "min": -1.0,
    "max": 1.0,
    "p25": -1.0,
    "p75": 0.5059750825166702
  },
  "dim_2": {
    "mean": -0.49972236156463623,
    "std": 0.7165089249610901,
    "min": -1.0,
    "max": 1.0,
    "p25": -1.0,
    "p75": 0.0735529437661171
  },
  "dim_3": {
    "mean": 0.0978713259100914,
    "std": 0.8168663382530212,
    "min": -1.0,
    "max": 1.0,
    "p25": -0.5239991545677185,
    "p75": 1.0
  },
  "dim_4": {
    "mean": -0.10360800474882126,
    "std": 0.8805146813392639,
    "min": -1.0,
    "max": 1.0,
    "p25": -1.0,
    "p75": 1.0
  },
  "dim_5": {
    "mean": 0.3591143786907196,
    "std": 0.5605008602142334,
    "min": -1.0,
    "max": 1.0,
    "p25": 0.0302958395332098,
    "p75": 0.8069854229688644
  },
  "dim_6": {
    "mean": -0.28314727544784546,
    "std": 0.728985607624054,
    "min": -1.0,
    "max": 1.0,
    "p25": -1.0,
    "p75": 0.3304344266653061
  },
  "dim_7": {
    "mean": -0.28803128004074097,
    "std": 0.729415774345398,
    "min": -1.0,
    "max": 1.0,
    "p25": -1.0,
    "p75": 0.178059883415699
  },
  "dim_8": {
    "mean": -0.5519189834594727,
    "std": 0.33694690465927124,
    "min": -1.0,
    "max": 1.0,
    "p25": -1.0,
    "p75": -0.2948118969798088
  },
  "dim_9": {
    "mean": -0.1421929895877838,
    "std": 0.16987088322639465,
    "min": -0.4249754548072815,
    "max": 0.8230752348899841,
    "p25": -0.2460896223783493,
    "p75": -0.0756416916847229
  },
  "dim_10": {
    "mean": -0.22070489823818207,
    "std": 0.5346043109893799,
    "min": -1.0,
    "max": 1.0,
    "p25": -0.7034933120012283,
    "p75": 0.08905513398349285
  },
  "dim_11": {
    "mean": 0.18163219094276428,
    "std": 0.7733938694000244,
    "min": -1.0,
    "max": 1.0,
    "p25": -0.7582021653652191,
    "p75": 1.0
  },
  "dim_12": {
    "mean": -0.34657007455825806,
    "std": 0.6369820833206177,
    "min": -1.0,
    "max": 1.0,
    "p25": -0.9712225496768951,
    "p75": 0.018648924306035042
  },
  "dim_13": {
    "mean": 0.0616300143301487,
    "std": 0.3036271333694458,
    "min": -0.621941328048706,
    "max": 0.7748103737831116,
    "p25": 0.030888650566339493,
    "p75": 0.2317860834300518
  },
  "dim_14": {
    "mean": -0.555002748966217,
    "std": 0.5720003843307495,
    "min": -1.0,
    "max": 1.0,
    "p25": -1.0,
    "p75": -0.31653114408254623
  },
  "dim_15": {
    "mean": 0.31241053342819214,
    "std": 0.8804181218147278,
    "min": -1.0,
    "max": 1.0,
    "p25": -0.7736277878284454,
    "p75": 1.0
  },
  "dim_16": {
    "mean": 0.7635555863380432,
    "std": 0.3389618694782257,
    "min": 0.0,
    "max": 1.0,
    "p25": 0.6296702027320862,
    "p75": 1.0
  },
  "dim_17": {
    "mean": 0.3705669939517975,
    "std": 0.4245126247406006,
    "min": 0.0,
    "max": 1.0,
    "p25": 0.0,
    "p75": 0.9149022549390793
  },
  "dim_18": {
    "mean": 0.4876367449760437,
    "std": 0.42475414276123047,
    "min": 0.0,
    "max": 1.0,
    "p25": 0.0,
    "p75": 0.9567052125930786
  },
  "dim_19": {
    "mean": 0.18111591041088104,
    "std": 0.3274329900741577,
    "min": 0.0,
    "max": 1.0,
    "p25": 0.0,
    "p75": 0.12300790846347809
  },
  "dim_20": {
    "mean": 0.8783796429634094,
    "std": 0.2313126176595688,
    "min": 0.0,
    "max": 1.0,
    "p25": 0.8681948333978653,
    "p75": 1.0
  },
  "dim_21": {
    "mean": 0.0416666679084301,
    "std": 0.19982630014419556,
    "min": 0.0,
    "max": 1.0,
    "p25": 0.0,
    "p75": 0.0
  },
  "dim_22": {
    "mean": 0.9368101358413696,
    "std": 0.14996597170829773,
    "min": 0.15276609361171722,
    "max": 1.0,
    "p25": 0.9721451997756958,
    "p75": 1.0
  },
  "dim_23": {
    "mean": 0.15957726538181305,
    "std": 0.35186561942100525,
    "min": 0.0,
    "max": 1.0,
    "p25": 0.0,
    "p75": 0.0
  }
}