{
  "dim_0": {
    "mean": -0.41407835483551025,
    "std": 0.6846033334732056,
    "min": -1.0,
    "max": 1.0,
    "p25": -1.0,
    "p75": 0.1536920927464962
  },
  "dim_1": {
    "mean": -0.2647816836833954,
    "std": 0.6164600253105164,
    "min": -1.0,
    "max": 1.0,
    "p25": -0.7425675690174103,
    "p75": 0.053551534190773964
  },
  "dim_2": {
    "mean": 0.5843706130981445,
    "std": 0.7114998698234558,
    "min": -1.0,
    "max": 1.0,
    "p25": 0.525263100862503,
    "p75": 1.0
  },
  "dim_3": {
    "mean": 0.5665498375892639,
    "std": 0.3797472417354584,
    "min": -1.0,
    "max": 1.0,
    "p25": 0.4335268661379814,
    "p75": 0.7660513520240784
  },
  "dim_4": {
    "mean": 0.6794195175170898,
    "std": 0.4813345670700073,
    "min": -1.0,
    "max": 1.0,
    "p25": 0.4244731217622757,
    "p75": 1.0
  },
  "dim_5": {
    "mean": -0.9171304702758789,
    "std": 0.20856696367263794,
    "min": -1.0,
    "max": 0.18146489560604095,
    "p25": -1.0,
    "p75": -1.0
  },
  "dim_6": {
    "mean": 0.937345027923584,
    "std": 0.2930174171924591,
    "min": -0.7216411828994751,
    "max": 1.0,
    "p25": 1.0,
    "p75": 1.0
  },
  "dim_7": {
    "mean": -0.4928264319896698,
    "std": 0.6037548184394836,
    "min": -1.0,
    "max": 1.0,
    "p25": -1.0,
    "p75": -0.1803441010415554
  },
  "dim_8": {
    "mean": -0.6741003394126892,
    "std": 0.41381457448005676,
    "min": -1.0,
    "max": 1.0,
    "p25": -1.0,
    "p75": -0.23292458802461624
  },
  "dim_9": {
    "mean": 0.7238842248916626,
    "std": 0.2325473427772522,
    "min": -0.24200177192687988,
    "max": 1.0,
    "p25": 0.6367208659648895,
    "p75": 1.0
  },
  "dim_10": {
    "mean": -0.3243807852268219,
    "std": 0.8325979709625244,
    "min": -1.0,
    "max": 1.0,
    "p25": -1.0,
    "p75": 0.784272313117981
  },
  "dim_11": {
    "mean": -0.052235186100006104,
    "std": 0.5163159966468811,
    "min": -1.0,
    "max": 0.8679867386817932,
    "p25": -0.4942246675491333,
    "p75": 0.3872898891568184
  },
  "dim_12": {
    "mean": -0.5582882761955261,
    "std": 0.39199256896972656,
    "min": -1.0,
    "max": 0.24646104872226715,
    "p25": -0.9500700682401657,
    "p75": -0.2714327648282051
  },
  "dim_13": {
    "mean": -0.43830668926239014,
    "std": 0.4345746338367462,
    "min": -1.0,
    "max": 1.0,
    "p25": -0.8676807582378387,
    "p75": -0.13756543025374413
  },
  "dim_14": {
    "mean": -0.9963388442993164,
    "std": 0.033606890588998795,
    "min": -1.0,
    "max": -0.2771795094013214,
    "p25": -1.0,
    "p75": -1.0
  },
  "dim_15": {
    "mean": -0.027755556628108025,
    "std": 0.7248210310935974,
    "min": -1.0,
    "max": 1.0,
    "p25": -0.5877081602811813,
    "p75": 0.9061094522476196
  },
  "dim_16": {
    "mean": 0.9450473189353943,
    "std": 0.1609293818473816,
    "min": 0.0,
    "max": 1.0,
    "p25": 1.0,
    "p75": 1.0
  },
  "dim_17": {
    "mean": 0.31033748388290405,
    "std": 0.3089989721775055,
    "min": 0.0,
    "max": 1.0,
    "p25": 0.0,
    "p75": 0.5022451430559158
  },
  "dim_18": {
    "mean": 0.8879776000976562,
    "std": 0.24747876822948456,
    "min": 0.0,
    "max": 1.0,
    "p25": 1.0,
    "p75": 1.0
  },
  "dim_19": {
    "mean": 0.686471700668335,
    "std": 0.38359013199806213,
    "min": 0.0,
    "max": 1.0,
    "p25": 0.33142172545194626,
    "p75": 1.0
  },
  "dim_20": {
    "mean": 0.3059619665145874,
    "std": 0.4376899003982544,
    "min": 0.0,
    "max": 1.0,
    "p25": 0.0,
    "p75": 0.8633822500705719
  },
  "dim_21": {
    "mean": 0.3483774960041046,
    "std": 0.3550543487071991,
    "min": 0.0,
    "max": 0.8869976997375488,
    "p25": 0.0,
    "p75": 0.7025642246007919
  },
  "dim_22": {
    "mean": 0.10862632095813751,
    "std": 0.23816397786140442,
    "min": 0.0,
    "max": 1.0,
    "p25": 0.0,
    "p75": 0.05835765600204468
  },
  "dim_23": {
    "mean": 0.872371256351471,
    "std": 0.32925644516944885,
    "min": 0.0,
    "max": 1.0,
    "p25": 1.0,
    "p75": 1.0
  }
}