{
  "dim_0": {
    "mean": -0.02157749980688095,
    "std": 0.8744359016418457,
    "min": -1.0,
    "max": 1.0,
    "p25": -1.0,
    "p75": 1.0
  },
  "dim_1": {
    "mean": 0.11043141782283783,
    "std": 0.9040446281433105,
    "min": -1.0,
    "max": 1.0,
    "p25": -1.0,
    "p75": 1.0
  },
  "dim_2": {
    "mean": 0.38803309202194214,
    "std": 0.651127278804779,
    "min": -1.0,
    "max": 1.0,
    "p25": -0.020351959392428398,
    "p75": 1.0
  },
  "dim_3": {
    "mean": 0.4514528810977936,
    "std": 0.7938922643661499,
    "min": -1.0,
    "max": 1.0,
    "p25": -0.05622653290629387,
    "p75": 1.0
  },
  "dim_4": {
    "mean": -0.3005049526691437,
    "std": 0.8193629384040833,
    "min": -1.0,
    "max": 1.0,
    "p25": -1.0,
    "p75": 0.5086203813552856
  },
  "dim_5": {
    "mean": 0.7956960201263428,
    "std": 0.5351810455322266,
    "min": -1.0,
    "max": 1.0,
    "p25": 1.0,
    "p75": 1.0
  },
  "dim_6": {
    "mean": -0.03808872029185295,
    "std": 0.7846525311470032,
    "min": -1.0,
    "max": 1.0,
    "p25": -0.7746896743774414,
    "p75": 0.834708571434021
  },
  "dim_7": {
    "mean": -0.6911500096321106,
    "std": 0.3692283630371094,
    "min": -1.0,
    "max": 1.0,
    "p25": -1.0,
    "p75": -0.43908289074897766
  },
  "dim_8": {
    "mean": -0.42914730310440063,
    "std": 0.8064845204353333,
    "min": -1.0,
    "max": 1.0,
    "p25": -1.0,
    "p75": 0.38165152072906494
  },
  "dim_9": {
    "mean": 0.6903672814369202,
    "std": 0.3811940550804138,
    "min": -0.23503895103931427,
    "max": 1.0,
    "p25": 0.29495969414711,
    "p75": 1.0
  },
  "dim_10": {
    "mean": -0.23899692296981812,
    "std": 0.7320228815078735,
    "min": -1.0,
    "max": 1.0,
    "p25": -0.8084226846694946,
    "p75": 0.4299425780773163
  },
  "dim_11": {
    "mean": 0.16868381202220917,
    "std": 0.5866914391517639,
    "min": -1.0,
    "max": 1.0,
    "p25": -0.31847020983695984,
    "p75": 0.9027683734893799
  },
  "dim_12": {
    "mean": -0.5264745354652405,
    "std": 0.6318751573562622,
    "min": -1.0,
    "max": 1.0,
    "p25": -1.0,
    "p75": 0.23496732115745544
  },
  "dim_13": {
    "mean": 0.429826557636261,
    "std": 0.180296391248703,
    "min": -0.011207066476345062,
    "max": 1.0,
    "p25": 0.284509539604187,
    "p75": 0.5083009600639343
  },
  "dim_14": {
    "mean": -0.809296727180481,
    "std": 0.26385483145713806,
    "min": -1.0,
    "max": -0.14634251594543457,
    "p25": -1.0,
    "p75": -0.6123912930488586
  },
  "dim_15": {
    "mean": 0.2649441361427307,
    "std": 0.11662086099386215,
    "min": -0.5446235537528992,
    "max": 0.46647804975509644,
    "p25": 0.2115587294101715,
    "p75": 0.3409052789211273
  },
  "dim_16": {
    "mean": 0.8637057542800903,
    "std": 0.19153505563735962,
    "min": 0.0,
    "max": 1.0,
    "p25": 0.7548508048057556,
    "p75": 1.0
  },
  "dim_17": {
    "mean": 0.8767157793045044,
    "std": 0.24300988018512726,
    "min": 0.0,
    "max": 1.0,
    "p25": 0.8281443119049072,
    "p75": 1.0
  },
  "dim_18": {
    "mean": 0.6982252597808838,
    "std": 0.44421079754829407,
    "min": 0.0,
    "max": 1.0,
    "p25": 0.04211259260773659,
    "p75": 1.0
  },
  "dim_19": {
    "mean": 0.5036348700523376,
    "std": 0.49405965209007263,
    "min": 0.0,
    "max": 1.0,
    "p25": 0.0,
    "p75": 1.0
  },
  "dim_20": {
    "mean": 0.7205896973609924,
    "std": 0.330854594707489,
    "min": 0.0,
    "max": 1.0,
    "p25": 0.5421481132507324,
    "p75": 1.0
  },
  "dim_21": {
    "mean": 0.0,
    "std": 0.0,
    "min": 0.0,
    "max": 0.0,
    "p25": 0.0,
    "p75": 0.0
  },
  "dim_22": {
    "mean": 0.5105171203613281,
    "std": 0.3949381113052368,
    "min": 0.0,
    "max": 1.0,
    "p25": 0.0,
    "p75": 0.7589951753616333
  },
  "dim_23": {
    "mean": 0.36728957295417786,
    "std": 0.4638177454471588,
    "min": 0.0,
    "max": 1.0,
    "p25": 0.0,
    "p75": 1.0
  }
}