{
  "dim_0": {
    "mean": -0.9709993004798889,
    "std": 0.1493040919303894,
    "min": -1.0,
    "max": -0.03222446143627167,
    "p25": -1.0,
    "p75": -1.0
  },
  "dim_1": {
    "mean": -0.42669397592544556,
    "std": 0.34293925762176514,
    "min": -0.9515944719314575,
    "max": 0.4900612235069275,
    "p25": -0.6710926294326782,
    "p75": -0.3132164478302002
  },
  "dim_2": {
    "mean": -0.2320518046617508,
    "std": 0.6108673214912415,
    "min": -1.0,
    "max": 1.0,
    "p25": -0.9797731637954712,
    "p75": 0.10679950565099716
  },
  "dim_3": {
    "mean": -0.3243925869464874,
    "std": 0.774310827255249,
    "min": -1.0,
    "max": 1.0,
    "p25": -1.0,
    "p75": 0.23895174264907837
  },
  "dim_4": {
    "mean": 0.1668877899646759,
    "std": 0.5843493938446045,
    "min": -1.0,
    "max": 1.0,
    "p25": -0.2177283763885498,
    "p75": 0.6316121220588684
  },
  "dim_5": {
    "mean": 0.28039228916168213,
    "std": 0.4208044409751892,
    "min": -1.0,
    "max": 1.0,
    "p25": 0.1717425435781479,
    "p75": 0.4647364020347595
  },
  "dim_6": {
    "mean": -0.7098804712295532,
    "std": 0.5628816485404968,
    "min": -1.0,
    "max": 1.0,
    "p25": -1.0,
    "p75": -0.5462656021118164
  },
  "dim_7": {
    "mean": -0.38210558891296387,
    "std": 0.649265468120575,
    "min": -1.0,
    "max": 1.0,
    "p25": -0.936691403388977,
    "p75": -0.16340114176273346
  },
  "dim_8": {
    "mean": -0.3875986635684967,
    "std": 0.6098042130470276,
    "min": -1.0,
    "max": 1.0,
    "p25": -1.0,
    "p75": 0.17682036757469177
  },
  "dim_9": {
    "mean": -0.5626347661018372,
    "std": 0.5012524127960205,
    "min": -1.0,
    "max": 1.0,
    "p25": -1.0,
    "p75": -0.07139164954423904
  },
  "dim_10": {
    "mean": -0.3271935284137726,
    "std": 0.8987122774124146,
    "min": -1.0,
    "max": 1.0,
    "p25": -0.991420328617096,
    "p75": 1.0
  },
  "dim_11": {
    "mean": 0.5621539354324341,
    "std": 0.26316389441490173,
    "min": -0.7921462059020996,
    "max": 1.0,
    "p25": 0.47974127531051636,
    "p75": 0.737903892993927
  },
  "dim_12": {
    "mean": -0.5181556344032288,
    "std": 0.6097623705863953,
    "min": -1.0,
    "max": 1.0,
    "p25": -1.0,
    "p75": -0.28193461894989014
  },
  "dim_13": {
    "mean": -0.10334314405918121,
    "std": 0.5756881237030029,
    "min": -0.9005163908004761,
    "max": 0.8096024990081787,
    "p25": -0.5106691122055054,
    "p75": 0.6796947121620178
  },
  "dim_14": {
    "mean": -0.3333333432674408,
    "std": 0.9428090453147888,
    "min": -1.0,
    "max": 1.0,
    "p25": -1.0,
    "p75": 1.0
  },
  "dim_15": {
    "mean": -0.4380025267601013,
    "std": 0.7753435373306274,
    "min": -1.0,
    "max": 0.8935250639915466,
    "p25": -1.0,
    "p75": 0.44960641860961914
  },
  "dim_16": {
    "mean": 0.7012864351272583,
    "std": 0.4020206928253174,
    "min": 0.0,
    "max": 1.0,
    "p25": 0.44998157024383545,
    "p75": 1.0
  },
  "dim_17": {
    "mean": 0.0,
    "std": 0.0,
    "min": 0.0,
    "max": 0.0,
    "p25": 0.0,
    "p75": 0.0
  },
  "dim_18": {
    "mean": 0.80645751953125,
    "std": 0.3844826817512512,
    "min": 0.0,
    "max": 1.0,
    "p25": 1.0,
    "p75": 1.0
  },
  "dim_19": {
    "mean": 0.31527456641197205,
    "std": 0.38664889335632324,
    "min": 0.0,
    "max": 1.0,
    "p25": 0.0,
    "p75": 0.607672929763794
  },
  "dim_20": {
    "mean": 0.700172483921051,
    "std": 0.42104053497314453,
    "min": 0.0,
    "max": 1.0,
    "p25": 0.22539716958999634,
    "p75": 1.0
  },
  "dim_21": {
    "mean": 0.9392719864845276,
    "std": 0.21987661719322205,
    "min": 0.0,
    "max": 1.0,
    "p25": 1.0,
    "p75": 1.0
  },
  "dim_22": {
    "mean": 0.697614312171936,
    "std": 0.31464818120002747,
    "min": 0.0,
    "max": 1.0,
    "p25": 0.41811761260032654,
    "p75": 1.0
  },
  "dim_23": {
    "mean": 0.047727569937705994,
    "std": 0.1526208221912384,
    "min": 0.0,
    "max": 0.7981153130531311,
    "p25": 0.0,
    "p75": 0.0
  }
}