{
  "dim_0": {
    "mean": -0.9709445238113403,
    "std": 0.1495785415172577,
    "min": -1.0,
    "max": -0.030004635453224182,
    "p25": -1.0,
    "p75": -1.0
  },
  "dim_1": {
    "mean": -0.4262152910232544,
    "std": 0.34296634793281555,
    "min": -0.9515559673309326,
    "max": 0.49200165271759033,
    "p25": -0.6691026091575623,
    "p75": -0.31233423948287964
  },
  "dim_2": {
    "mean": -0.22392086684703827,
    "std": 0.6086721420288086,
    "min": -1.0,
    "max": 1.0,
    "p25": -0.9794839024543762,
    "p75": 0.11652509868144989
  },
  "dim_3": {
    "mean": -0.2926935851573944,
    "std": 0.78593909740448,
    "min": -1.0,
    "max": 1.0,
    "p25": -1.0,
    "p75": 0.2561878561973572
  },
  "dim_4": {
    "mean": 0.1661064624786377,
    "std": 0.5843977332115173,
    "min": -1.0,
    "max": 1.0,
    "p25": -0.2177850306034088,
    "p75": 0.6016347408294678
  },
  "dim_5": {
    "mean": 0.2794378101825714,
    "std": 0.42150643467903137,
    "min": -1.0,
    "max": 1.0,
    "p25": 0.17407339811325073,
    "p75": 0.4651012420654297
  },
  "dim_6": {
    "mean": -0.7095309495925903,
    "std": 0.5633751153945923,
    "min": -1.0,
    "max": 1.0,
    "p25": -1.0,
    "p75": -0.5455375909805298
  },
  "dim_7": {
    "mean": -0.3821049928665161,
    "std": 0.6493939161300659,
    "min": -1.0,
    "max": 1.0,
    "p25": -0.9367172718048096,
    "p75": -0.16335147619247437
  },
  "dim_8": {
    "mean": -0.14440149068832397,
    "std": 0.6981679201126099,
    "min": -1.0,
    "max": 1.0,
    "p25": -0.9794356226921082,
    "p75": 0.35969847440719604
  },
  "dim_9": {
    "mean": -0.451635479927063,
    "std": 0.6055269241333008,
    "min": -1.0,
    "max": 1.0,
    "p25": -1.0,
    "p75": -0.07083135098218918
  },
  "dim_10": {
    "mean": -0.24887099862098694,
    "std": 0.9343513250350952,
    "min": -1.0,
    "max": 1.0,
    "p25": -1.0,
    "p75": 1.0
  },
  "dim_11": {
    "mean": 0.3984949290752411,
    "std": 0.4012424945831299,
    "min": -0.8245510458946228,
    "max": 1.0,
    "p25": 0.13330556452274323,
    "p75": 0.6753880381584167
  },
  "dim_12": {
    "mean": -0.6260240077972412,
    "std": 0.5607569217681885,
    "min": -1.0,
    "max": 1.0,
    "p25": -1.0,
    "p75": -0.42422938346862793
  },
  "dim_13": {
    "mean": -0.07270386070013046,
    "std": 0.5084474086761475,
    "min": -0.8865988254547119,
    "max": 0.7941522598266602,
    "p25": -0.4964580535888672,
    "p75": 0.3636487126350403
  },
  "dim_14": {
    "mean": -0.3333333432674408,
    "std": 0.9428090453147888,
    "min": -1.0,
    "max": 1.0,
    "p25": -1.0,
    "p75": 1.0
  },
  "dim_15": {
    "mean": -0.5167064070701599,
    "std": 0.6989982724189758,
    "min": -1.0,
    "max": 0.8925045132637024,
    "p25": -1.0,
    "p75": 0.14911684393882751
  },
  "dim_16": {
    "mean": 0.7011218070983887,
    "std": 0.40207019448280334,
    "min": 0.0,
    "max": 1.0,
    "p25": 0.44989797472953796,
    "p75": 1.0
  },
  "dim_17": {
    "mean": 0.0,
    "std": 0.0,
    "min": 0.0,
    "max": 0.0,
    "p25": 0.0,
    "p75": 0.0
  },
  "dim_18": {
    "mean": 0.806286096572876,
    "std": 0.3847658336162567,
    "min": 0.0,
    "max": 1.0,
    "p25": 1.0,
    "p75": 1.0
  },
  "dim_19": {
    "mean": 0.3157295882701874,
    "std": 0.387325644493103,
    "min": 0.0,
    "max": 1.0,
    "p25": 0.0,
    "p75": 0.608006477355957
  },
  "dim_20": {
    "mean": 0.700600802898407,
    "std": 0.42085951566696167,
    "min": 0.0,
    "max": 1.0,
    "p25": 0.23359549045562744,
    "p75": 1.0
  },
  "dim_21": {
    "mean": 0.9385035037994385,
    "std": 0.21971748769283295,
    "min": 0.0,
    "max": 1.0,
    "p25": 1.0,
    "p75": 1.0
  },
  "dim_22": {
    "mean": 0.6980664730072021,
    "std": 0.31449681520462036,
    "min": 0.0,
    "max": 1.0,
    "p25": 0.418850839138031,
    "p75": 1.0
  },
  "dim_23": {
    "mean": 0.04774593189358711,
    "std": 0.15269197523593903,
    "min": 0.0,
    "max": 0.7986952662467957,
    "p25": 0.0,
    "p75": 0.0
  }
}