{
  "dim_0": {
    "mean": -0.4154117703437805,
    "std": 0.6824941039085388,
    "min": -1.0,
    "max": 1.0,
    "p25": -1.0,
    "p75": 0.1536140888929367
  },
  "dim_1": {
    "mean": -0.26559320092201233,
    "std": 0.615836501121521,
    "min": -1.0,
    "max": 1.0,
    "p25": -0.7390351593494415,
    "p75": 0.05113503336906433
  },
  "dim_2": {
    "mean": 0.5840787887573242,
    "std": 0.7118377089500427,
    "min": -1.0,
    "max": 1.0,
    "p25": 0.5273237824440002,
    "p75": 1.0
  },
  "dim_3": {
    "mean": 0.5673515200614929,
    "std": 0.3796806335449219,
    "min": -1.0,
    "max": 1.0,
    "p25": 0.4341706335544586,
    "p75": 0.7675278633832932
  },
  "dim_4": {
    "mean": 0.6798352003097534,
    "std": 0.4806280732154846,
    "min": -1.0,
    "max": 1.0,
    "p25": 0.42692819237709045,
    "p75": 1.0
  },
  "dim_5": {
    "mean": -0.9164051413536072,
    "std": 0.20960208773612976,
    "min": -1.0,
    "max": 0.18361470103263855,
    "p25": -1.0,
    "p75": -1.0
  },
  "dim_6": {
    "mean": 0.9367770552635193,
    "std": 0.29291513562202454,
    "min": -0.719423234462738,
    "max": 1.0,
    "p25": 1.0,
    "p75": 1.0
  },
  "dim_7": {
    "mean": -0.4923090636730194,
    "std": 0.6040765047073364,
    "min": -1.0,
    "max": 1.0,
    "p25": -1.0,
    "p75": -0.17923592031002045
  },
  "dim_8": {
    "mean": -0.6739429235458374,
    "std": 0.4140086770057678,
    "min": -1.0,
    "max": 1.0,
    "p25": -1.0,
    "p75": -0.23242740705609322
  },
  "dim_9": {
    "mean": 0.7243232727050781,
    "std": 0.23223432898521423,
    "min": -0.24114012718200684,
    "max": 1.0,
    "p25": 0.6372436136007309,
    "p75": 1.0
  },
  "dim_10": {
    "mean": -0.3239694833755493,
    "std": 0.8326960206031799,
    "min": -1.0,
    "max": 1.0,
    "p25": -1.0,
    "p75": 0.7828445285558701
  },
  "dim_11": {
    "mean": -0.048737991601228714,
    "std": 0.5158282518386841,
    "min": -1.0,
    "max": 0.8696954250335693,
    "p25": -0.4912048429250717,
    "p75": 0.389888234436512
  },
  "dim_12": {
    "mean": -0.5557353496551514,
    "std": 0.3929239809513092,
    "min": -1.0,
    "max": 0.24895991384983063,
    "p25": -0.9473680406808853,
    "p75": -0.2688320502638817
  },
  "dim_13": {
    "mean": -0.4353656768798828,
    "std": 0.43577659130096436,
    "min": -1.0,
    "max": 1.0,
    "p25": -0.8636822998523712,
    "p75": -0.13425302505493164
  },
  "dim_14": {
    "mean": -0.9964751601219177,
    "std": 0.03313317522406578,
    "min": -1.0,
    "max": -0.2808530926704407,
    "p25": -1.0,
    "p75": -1.0
  },
  "dim_15": {
    "mean": -0.029057076200842857,
    "std": 0.7236236929893494,
    "min": -1.0,
    "max": 1.0,
    "p25": -0.5877296030521393,
    "p75": 0.9022141098976135
  },
  "dim_16": {
    "mean": 0.9448667764663696,
    "std": 0.16108065843582153,
    "min": 0.0,
    "max": 1.0,
    "p25": 1.0,
    "p75": 1.0
  },
  "dim_17": {
    "mean": 0.3110118508338928,
    "std": 0.30935415625572205,
    "min": 0.0,
    "max": 1.0,
    "p25": 0.0,
    "p75": 0.5033683925867081
  },
  "dim_18": {
    "mean": 0.8877256512641907,
    "std": 0.24789303541183472,
    "min": 0.0,
    "max": 1.0,
    "p25": 1.0,
    "p75": 1.0
  },
  "dim_19": {
    "mean": 0.6868200898170471,
    "std": 0.3833998739719391,
    "min": 0.0,
    "max": 1.0,
    "p25": 0.3325045183300972,
    "p75": 1.0
  },
  "dim_20": {
    "mean": 0.3056317865848541,
    "std": 0.437282532453537,
    "min": 0.0,
    "max": 1.0,
    "p25": 0.0,
    "p75": 0.8613853454589844
  },
  "dim_21": {
    "mean": 0.34824851155281067,
    "std": 0.3549269735813141,
    "min": 0.0,
    "max": 0.8866261839866638,
    "p25": 0.0,
    "p75": 0.7022030055522919
  },
  "dim_22": {
    "mean": 0.10843349248170853,
    "std": 0.23748521506786346,
    "min": 0.0,
    "max": 1.0,
    "p25": 0.0,
    "p75": 0.05854539945721626
  },
  "dim_23": {
    "mean": 0.8725547790527344,
    "std": 0.3291375935077667,
    "min": 0.0,
    "max": 1.0,
    "p25": 1.0,
    "p75": 1.0
  }
}