{
  "dim_0": {
    "mean": 0.8582785725593567,
    "std": 0.43622690439224243,
    "min": -1.0,
    "max": 1.0,
    "p25": 1.0,
    "p75": 1.0
  },
  "dim_1": {
    "mean": -0.7564666867256165,
    "std": 0.36361974477767944,
    "min": -1.0,
    "max": 1.0,
    "p25": -1.0,
    "p75": -0.7136383056640625
  },
  "dim_2": {
    "mean": 0.25636613368988037,
    "std": 0.8566138744354248,
    "min": -1.0,
    "max": 1.0,
    "p25": -1.0,
    "p75": 0.9203163385391235
  },
  "dim_3": {
    "mean": 0.08433355391025543,
    "std": 0.5562916398048401,
    "min": -1.0,
    "max": 1.0,
    "p25": -0.11541112139821053,
    "p75": 0.44004517793655396
  },
  "dim_4": {
    "mean": 0.28595206141471863,
    "std": 0.7743471264839172,
    "min": -1.0,
    "max": 1.0,
    "p25": -0.6268031001091003,
    "p75": 0.8606703281402588
  },
  "dim_5": {
    "mean": 0.4246430993080139,
    "std": 0.6997644305229187,
    "min": -1.0,
    "max": 1.0,
    "p25": 0.053207021206617355,
    "p75": 1.0
  },
  "dim_6": {
    "mean": 0.5613389611244202,
    "std": 0.7406373620033264,
    "min": -1.0,
    "max": 1.0,
    "p25": 0.2542289197444916,
    "p75": 1.0
  },
  "dim_7": {
    "mean": 0.2064661681652069,
    "std": 0.9472641348838806,
    "min": -1.0,
    "max": 1.0,
    "p25": -1.0,
    "p75": 1.0
  },
  "dim_8": {
    "mean": 0.07213909178972244,
    "std": 0.395607590675354,
    "min": -0.6501342058181763,
    "max": 1.0,
    "p25": -0.19152916967868805,
    "p75": 0.3492544889450073
  },
  "dim_9": {
    "mean": -0.1383972465991974,
    "std": 0.5454431176185608,
    "min": -1.0,
    "max": 1.0,
    "p25": -0.6223097741603851,
    "p75": 0.11268110200762749
  },
  "dim_10": {
    "mean": -0.3602493405342102,
    "std": 0.5980380177497864,
    "min": -1.0,
    "max": 1.0,
    "p25": -0.7943263053894043,
    "p75": -0.16160538420081139
  },
  "dim_11": {
    "mean": -0.23785997927188873,
    "std": 0.6699762344360352,
    "min": -1.0,
    "max": 0.8937576413154602,
    "p25": -0.919279009103775,
    "p75": 0.4427685961127281
  },
  "dim_12": {
    "mean": 0.5752084255218506,
    "std": 0.6083832383155823,
    "min": -1.0,
    "max": 1.0,
    "p25": 0.23926594853401184,
    "p75": 1.0
  },
  "dim_13": {
    "mean": 0.06303474307060242,
    "std": 0.44360974431037903,
    "min": -1.0,
    "max": 1.0,
    "p25": -0.0670740082859993,
    "p75": 0.2223060242831707
  },
  "dim_14": {
    "mean": 0.13294249773025513,
    "std": 0.7006513476371765,
    "min": -1.0,
    "max": 1.0,
    "p25": -0.4795343205332756,
    "p75": 0.8679809421300888
  },
  "dim_15": {
    "mean": -0.26785510778427124,
    "std": 0.2248411923646927,
    "min": -0.7718818783760071,
    "max": 0.5268633365631104,
    "p25": -0.37538260966539383,
    "p75": -0.12063332088291645
  },
  "dim_16": {
    "mean": 0.5058217644691467,
    "std": 0.4655848741531372,
    "min": 0.0,
    "max": 1.0,
    "p25": 0.0,
    "p75": 1.0
  },
  "dim_17": {
    "mean": 0.6041666865348816,
    "std": 0.4890289306640625,
    "min": 0.0,
    "max": 1.0,
    "p25": 0.0,
    "p75": 1.0
  },
  "dim_18": {
    "mean": 0.875,
    "std": 0.33071890473365784,
    "min": 0.0,
    "max": 1.0,
    "p25": 1.0,
    "p75": 1.0
  },
  "dim_19": {
    "mean": 0.2571466267108917,
    "std": 0.3709690570831299,
    "min": 0.0,
    "max": 1.0,
    "p25": 0.0,
    "p75": 0.6557648479938507
  },
  "dim_20": {
    "mean": 0.6543102860450745,
    "std": 0.2725986838340759,
    "min": 0.0,
    "max": 1.0,
    "p25": 0.6375367194414139,
    "p75": 0.7948141247034073
  },
  "dim_21": {
    "mean": 0.23388218879699707,
    "std": 0.15355294942855835,
    "min": 0.0,
    "max": 0.61857008934021,
    "p25": 0.14772500842809677,
    "p75": 0.31366150081157684
  },
  "dim_22": {
    "mean": 0.766810417175293,
    "std": 0.3822826147079468,
    "min": 0.0,
    "max": 1.0,
    "p25": 0.4484104514122009,
    "p75": 1.0
  },
  "dim_23": {
    "mean": 0.6051228642463684,
    "std": 0.3257012665271759,
    "min": 0.0,
    "max": 0.934714674949646,
    "p25": 0.2709512710571289,
    "p75": 0.8070781230926514
  }
}