{
  "dim_0": {
    "mean": -0.9710602760314941,
    "std": 0.1490219235420227,
    "min": -1.0,
    "max": -0.033434733748435974,
    "p25": -1.0,
    "p75": -1.0
  },
  "dim_1": {
    "mean": -0.42733556032180786,
    "std": 0.3427506387233734,
    "min": -0.952309787273407,
    "max": 0.4889295697212219,
    "p25": -0.6720641851425171,
    "p75": -0.3140217065811157
  },
  "dim_2": {
    "mean": -0.23307880759239197,
    "std": 0.6149110198020935,
    "min": -1.0,
    "max": 1.0,
    "p25": -0.9797220230102539,
    "p75": 0.1213141530752182
  },
  "dim_3": {
    "mean": -0.3308204114437103,
    "std": 0.7677381634712219,
    "min": -1.0,
    "max": 1.0,
    "p25": -1.0,
    "p75": 0.22053056955337524
  },
  "dim_4": {
    "mean": 0.1674027144908905,
    "std": 0.5841662883758545,
    "min": -1.0,
    "max": 1.0,
    "p25": -0.21808966994285583,
    "p75": 0.6528334617614746
  },
  "dim_5": {
    "mean": 0.28173691034317017,
    "std": 0.4200419783592224,
    "min": -1.0,
    "max": 1.0,
    "p25": 0.17334893345832825,
    "p75": 0.4652214050292969
  },
  "dim_6": {
    "mean": -0.7102362513542175,
    "std": 0.5624703168869019,
    "min": -1.0,
    "max": 1.0,
    "p25": -1.0,
    "p75": -0.5475643873214722
  },
  "dim_7": {
    "mean": -0.38176947832107544,
    "std": 0.6496121883392334,
    "min": -1.0,
    "max": 1.0,
    "p25": -0.9365527629852295,
    "p75": -0.16297702491283417
  },
  "dim_8": {
    "mean": -0.3881433308124542,
    "std": 0.6093340516090393,
    "min": -1.0,
    "max": 1.0,
    "p25": -1.0,
    "p75": 0.17979924380779266
  },
  "dim_9": {
    "mean": -0.5622723698616028,
    "std": 0.5015549659729004,
    "min": -1.0,
    "max": 1.0,
    "p25": -1.0,
    "p75": -0.07066250592470169
  },
  "dim_10": {
    "mean": -0.32737547159194946,
    "std": 0.8988789319992065,
    "min": -1.0,
    "max": 1.0,
    "p25": -0.9917752742767334,
    "p75": 1.0
  },
  "dim_11": {
    "mean": 0.5604839324951172,
    "std": 0.2633640170097351,
    "min": -0.7928032875061035,
    "max": 1.0,
    "p25": 0.47677087783813477,
    "p75": 0.7365207672119141
  },
  "dim_12": {
    "mean": -0.5162389278411865,
    "std": 0.6102199554443359,
    "min": -1.0,
    "max": 1.0,
    "p25": -1.0,
    "p75": -0.2743849754333496
  },
  "dim_13": {
    "mean": -0.10197488218545914,
    "std": 0.5764061808586121,
    "min": -0.9014201164245605,
    "max": 0.8138545751571655,
    "p25": -0.5099858641624451,
    "p75": 0.6820738315582275
  },
  "dim_14": {
    "mean": -0.3333333432674408,
    "std": 0.9428090453147888,
    "min": -1.0,
    "max": 1.0,
    "p25": -1.0,
    "p75": 1.0
  },
  "dim_15": {
    "mean": -0.43855994939804077,
    "std": 0.7747456431388855,
    "min": -1.0,
    "max": 0.8925140500068665,
    "p25": -1.0,
    "p75": 0.4482770562171936
  },
  "dim_16": {
    "mean": 0.7017258405685425,
    "std": 0.4020271897315979,
    "min": 0.0,
    "max": 1.0,
    "p25": 0.45080626010894775,
    "p75": 1.0
  },
  "dim_17": {
    "mean": 0.0,
    "std": 0.0,
    "min": 0.0,
    "max": 0.0,
    "p25": 0.0,
    "p75": 0.0
  },
  "dim_18": {
    "mean": 0.8066059350967407,
    "std": 0.3842372000217438,
    "min": 0.0,
    "max": 1.0,
    "p25": 1.0,
    "p75": 1.0
  },
  "dim_19": {
    "mean": 0.3148193061351776,
    "std": 0.3860034942626953,
    "min": 0.0,
    "max": 1.0,
    "p25": 0.0,
    "p75": 0.6065695285797119
  },
  "dim_20": {
    "mean": 0.6995905637741089,
    "std": 0.42141643166542053,
    "min": 0.0,
    "max": 1.0,
    "p25": 0.19351282715797424,
    "p75": 1.0
  },
  "dim_21": {
    "mean": 0.9395261406898499,
    "std": 0.22006848454475403,
    "min": 0.0,
    "max": 1.0,
    "p25": 1.0,
    "p75": 1.0
  },
  "dim_22": {
    "mean": 0.6970789432525635,
    "std": 0.31496405601501465,
    "min": 0.0,
    "max": 1.0,
    "p25": 0.4174472987651825,
    "p75": 1.0
  },
  "dim_23": {
    "mean": 0.04771975427865982,
    "std": 0.15259277820587158,
    "min": 0.0,
    "max": 0.7981270551681519,
    "p25": 0.0,
    "p75": 0.0
  }
}