{
  "dim_0": {
    "mean": -0.4912574887275696,
    "std": 0.6670210361480713,
    "min": -1.0,
    "max": 1.0,
    "p25": -1.0,
    "p75": -0.36791593581438065
  },
  "dim_1": {
    "mean": -0.3798656165599823,
    "std": 0.6043329238891602,
    "min": -1.0,
    "max": 1.0,
    "p25": -0.8106757551431656,
    "p75": -0.07075080275535583
  },
  "dim_2": {
    "mean": -0.15727582573890686,
    "std": 0.834795355796814,
    "min": -1.0,
    "max": 1.0,
    "p25": -1.0,
    "p75": 0.8141972422599792
  },
  "dim_3": {
    "mean": 0.7979310750961304,
    "std": 0.20215636491775513,
    "min": 0.35858747363090515,
    "max": 1.0,
    "p25": 0.6294734179973602,
    "p75": 0.9925132840871811
  },
  "dim_4": {
    "mean": -0.8821218013763428,
    "std": 0.20026952028274536,
    "min": -1.0,
    "max": -0.30362483859062195,
    "p25": -1.0,
    "p75": -0.8373793810606003
  },
  "dim_5": {
    "mean": 0.07573521137237549,
    "std": 0.5864716172218323,
    "min": -0.7697244882583618,
    "max": 1.0,
    "p25": -0.4972340986132622,
    "p75": 0.6751632988452911
  },
  "dim_6": {
    "mean": 0.07943488657474518,
    "std": 0.7999984622001648,
    "min": -1.0,
    "max": 1.0,
    "p25": -0.8591138571500778,
    "p75": 0.8084945827722549
  },
  "dim_7": {
    "mean": -0.3495182394981384,
    "std": 0.5824325084686279,
    "min": -1.0,
    "max": 1.0,
    "p25": -0.9414491057395935,
    "p75": 0.06050295103341341
  },
  "dim_8": {
    "mean": 0.12713301181793213,
    "std": 0.7193595170974731,
    "min": -1.0,
    "max": 1.0,
    "p25": -0.42730293422937393,
    "p75": 1.0
  },
  "dim_9": {
    "mean": 0.21471652388572693,
    "std": 0.8755367398262024,
    "min": -1.0,
    "max": 1.0,
    "p25": -1.0,
    "p75": 1.0
  },
  "dim_10": {
    "mean": -0.26607435941696167,
    "std": 0.8393648862838745,
    "min": -1.0,
    "max": 1.0,
    "p25": -1.0,
    "p75": 0.5707229226827621
  },
  "dim_11": {
    "mean": -0.12059832364320755,
    "std": 0.5595211386680603,
    "min": -1.0,
    "max": 1.0,
    "p25": -0.5237918347120285,
    "p75": 0.2229066714644432
  },
  "dim_12": {
    "mean": 0.25747400522232056,
    "std": 0.6699609160423279,
    "min": -1.0,
    "max": 1.0,
    "p25": -0.3328561559319496,
    "p75": 1.0
  },
  "dim_13": {
    "mean": 0.4043794274330139,
    "std": 0.46490827202796936,
    "min": -0.5134844183921814,
    "max": 1.0,
    "p25": 0.0010413136333227158,
    "p75": 0.8520946800708771
  },
  "dim_14": {
    "mean": 0.19459769129753113,
    "std": 0.7600484490394592,
    "min": -1.0,
    "max": 1.0,
    "p25": -0.5074796378612518,
    "p75": 1.0
  },
  "dim_15": {
    "mean": 0.5202799439430237,
    "std": 0.5840616822242737,
    "min": -0.8273304104804993,
    "max": 1.0,
    "p25": -0.004674877971410751,
    "p75": 1.0
  },
  "dim_16": {
    "mean": 0.5415732860565186,
    "std": 0.48232531547546387,
    "min": 0.0,
    "max": 1.0,
    "p25": 0.0,
    "p75": 1.0
  },
  "dim_17": {
    "mean": 0.24312028288841248,
    "std": 0.3752579391002655,
    "min": 0.0,
    "max": 1.0,
    "p25": 0.0,
    "p75": 0.29784300178289413
  },
  "dim_18": {
    "mean": 0.8406280279159546,
    "std": 0.2590133845806122,
    "min": 0.11007719486951828,
    "max": 1.0,
    "p25": 0.7582772821187973,
    "p75": 1.0
  },
  "dim_19": {
    "mean": 0.1112883910536766,
    "std": 0.2734154164791107,
    "min": 0.0,
    "max": 1.0,
    "p25": 0.0,
    "p75": 0.0
  },
  "dim_20": {
    "mean": 0.21722011268138885,
    "std": 0.3724816143512726,
    "min": 0.0,
    "max": 1.0,
    "p25": 0.0,
    "p75": 0.3405127227306366
  },
  "dim_21": {
    "mean": 0.35626551508903503,
    "std": 0.41446584463119507,
    "min": 0.0,
    "max": 1.0,
    "p25": 0.0,
    "p75": 0.7418639957904816
  },
  "dim_22": {
    "mean": 0.8954941034317017,
    "std": 0.14502276480197906,
    "min": 0.34002262353897095,
    "max": 1.0,
    "p25": 0.76671302318573,
    "p75": 1.0
  },
  "dim_23": {
    "mean": 0.3387317955493927,
    "std": 0.4493517279624939,
    "min": 0.0,
    "max": 1.0,
    "p25": 0.0,
    "p75": 0.9553996920585632
  }
}