{
  "dim_0": {
    "mean": -0.5562316179275513,
    "std": 0.617803692817688,
    "min": -1.0,
    "max": 1.0,
    "p25": -1.0,
    "p75": 0.14952504634857178
  },
  "dim_1": {
    "mean": -0.21988511085510254,
    "std": 0.8125399351119995,
    "min": -1.0,
    "max": 1.0,
    "p25": -1.0,
    "p75": 0.506051629781723
  },
  "dim_2": {
    "mean": -0.4989951550960541,
    "std": 0.7171937227249146,
    "min": -1.0,
    "max": 1.0,
    "p25": -1.0,
    "p75": 0.07327405922114849
  },
  "dim_3": {
    "mean": 0.09673580527305603,
    "std": 0.8173316121101379,
    "min": -1.0,
    "max": 1.0,
    "p25": -0.5274529159069061,
    "p75": 1.0
  },
  "dim_4": {
    "mean": -0.10340052843093872,
    "std": 0.8801724910736084,
    "min": -1.0,
    "max": 1.0,
    "p25": -1.0,
    "p75": 1.0
  },
  "dim_5": {
    "mean": 0.359250545501709,
    "std": 0.5603992342948914,
    "min": -1.0,
    "max": 1.0,
    "p25": 0.03046543523669243,
    "p75": 0.807027742266655
  },
  "dim_6": {
    "mean": -0.28314340114593506,
    "std": 0.729013979434967,
    "min": -1.0,
    "max": 1.0,
    "p25": -1.0,
    "p75": 0.3309924751520157
  },
  "dim_7": {
    "mean": -0.28679466247558594,
    "std": 0.7297571897506714,
    "min": -1.0,
    "max": 1.0,
    "p25": -1.0,
    "p75": 0.18027183413505554
  },
  "dim_8": {
    "mean": -0.5514540672302246,
    "std": 0.337120920419693,
    "min": -1.0,
    "max": 1.0,
    "p25": -1.0,
    "p75": -0.29452091455459595
  },
  "dim_9": {
    "mean": -0.14235065877437592,
    "std": 0.16981832683086395,
    "min": -0.4253801107406616,
    "max": 0.8224063515663147,
    "p25": -0.2460765466094017,
    "p75": -0.07565119490027428
  },
  "dim_10": {
    "mean": -0.22182469069957733,
    "std": 0.5339834094047546,
    "min": -1.0,
    "max": 1.0,
    "p25": -0.7031809687614441,
    "p75": 0.0872136577963829
  },
  "dim_11": {
    "mean": 0.18262307345867157,
    "std": 0.7726020812988281,
    "min": -1.0,
    "max": 1.0,
    "p25": -0.7555661350488663,
    "p75": 1.0
  },
  "dim_12": {
    "mean": -0.34922900795936584,
    "std": 0.636591374874115,
    "min": -1.0,
    "max": 1.0,
    "p25": -0.9761217832565308,
    "p75": 0.013897135853767395
  },
  "dim_13": {
    "mean": 0.0622839517891407,
    "std": 0.3036898672580719,
    "min": -0.6216040253639221,
    "max": 0.7755711078643799,
    "p25": 0.031489196233451366,
    "p75": 0.2324010320007801
  },
  "dim_14": {
    "mean": -0.5581012964248657,
    "std": 0.5716023445129395,
    "min": -1.0,
    "max": 1.0,
    "p25": -1.0,
    "p75": -0.3210541754961014
  },
  "dim_15": {
    "mean": 0.31112322211265564,
    "std": 0.8817858695983887,
    "min": -1.0,
    "max": 1.0,
    "p25": -0.7773045152425766,
    "p75": 1.0
  },
  "dim_16": {
    "mean": 0.7628159523010254,
    "std": 0.33961403369903564,
    "min": 0.0,
    "max": 1.0,
    "p25": 0.6266461759805679,
    "p75": 1.0
  },
  "dim_17": {
    "mean": 0.37103593349456787,
    "std": 0.4245697259902954,
    "min": 0.0,
    "max": 1.0,
    "p25": 0.0,
    "p75": 0.9166380614042282
  },
  "dim_18": {
    "mean": 0.4939288794994354,
    "std": 0.425227552652359,
    "min": 0.0,
    "max": 1.0,
    "p25": 0.0,
    "p75": 0.9635010063648224
  },
  "dim_19": {
    "mean": 0.17901048064231873,
    "std": 0.32691723108291626,
    "min": 0.0,
    "max": 1.0,
    "p25": 0.0,
    "p75": 0.12080684117972851
  },
  "dim_20": {
    "mean": 0.8783065676689148,
    "std": 0.2313707023859024,
    "min": 0.0,
    "max": 1.0,
    "p25": 0.8680809289216995,
    "p75": 1.0
  },
  "dim_21": {
    "mean": 0.0416666679084301,
    "std": 0.19982630014419556,
    "min": 0.0,
    "max": 1.0,
    "p25": 0.0,
    "p75": 0.0
  },
  "dim_22": {
    "mean": 0.9379894733428955,
    "std": 0.14911313354969025,
    "min": 0.15437237918376923,
    "max": 1.0,
    "p25": 0.9791009277105331,
    "p75": 1.0
  },
  "dim_23": {
    "mean": 0.15929768979549408,
    "std": 0.351795494556427,
    "min": 0.0,
    "max": 1.0,
    "p25": 0.0,
    "p75": 0.0
  }
}