{
  "dim_0": {
    "mean": -0.4777415692806244,
    "std": 0.654401421546936,
    "min": -1.0,
    "max": 1.0,
    "p25": -1.0,
    "p75": 0.15466983243823051
  },
  "dim_1": {
    "mean": -0.07968485355377197,
    "std": 0.8256130218505859,
    "min": -1.0,
    "max": 1.0,
    "p25": -1.0,
    "p75": 0.7690265774726868
  },
  "dim_2": {
    "mean": -0.4998631775379181,
    "std": 0.716463029384613,
    "min": -1.0,
    "max": 1.0,
    "p25": -1.0,
    "p75": 0.07209940440952778
  },
  "dim_3": {
    "mean": 0.09833133220672607,
    "std": 0.8166896104812622,
    "min": -1.0,
    "max": 1.0,
    "p25": -0.5241663157939911,
    "p75": 1.0
  },
  "dim_4": {
    "mean": -0.10399668663740158,
    "std": 0.8809798359870911,
    "min": -1.0,
    "max": 1.0,
    "p25": -1.0,
    "p75": 1.0
  },
  "dim_5": {
    "mean": 0.3590419292449951,
    "std": 0.5605698823928833,
    "min": -1.0,
    "max": 1.0,
    "p25": 0.030039779841899872,
    "p75": 0.8069164007902145
  },
  "dim_6": {
    "mean": -0.28308773040771484,
    "std": 0.729035496711731,
    "min": -1.0,
    "max": 1.0,
    "p25": -1.0,
    "p75": 0.33007948845624924
  },
  "dim_7": {
    "mean": -0.28881576657295227,
    "std": 0.7291984558105469,
    "min": -1.0,
    "max": 1.0,
    "p25": -1.0,
    "p75": 0.17525962740182877
  },
  "dim_8": {
    "mean": -0.37041401863098145,
    "std": 0.5272400975227356,
    "min": -1.0,
    "max": 1.0,
    "p25": -0.7980272024869919,
    "p75": -0.13582921028137207
  },
  "dim_9": {
    "mean": 0.001722097396850586,
    "std": 0.27619823813438416,
    "min": -0.3974989950656891,
    "max": 0.7819750905036926,
    "p25": -0.1983240246772766,
    "p75": 0.1631046086549759
  },
  "dim_10": {
    "mean": -0.18531151115894318,
    "std": 0.5434983968734741,
    "min": -1.0,
    "max": 1.0,
    "p25": -0.5919776558876038,
    "p75": 0.06618883460760117
  },
  "dim_11": {
    "mean": -0.13181409239768982,
    "std": 0.7509900331497192,
    "min": -1.0,
    "max": 1.0,
    "p25": -0.7945931702852249,
    "p75": 0.6870296150445938
  },
  "dim_12": {
    "mean": -0.5502801537513733,
    "std": 0.5927255749702454,
    "min": -1.0,
    "max": 1.0,
    "p25": -1.0,
    "p75": -0.26658276468515396
  },
  "dim_13": {
    "mean": 0.16435761749744415,
    "std": 0.3731926381587982,
    "min": -0.61965012550354,
    "max": 0.9575870037078857,
    "p25": 0.07042954303324223,
    "p75": 0.4083872064948082
  },
  "dim_14": {
    "mean": -0.6487064361572266,
    "std": 0.5808371901512146,
    "min": -1.0,
    "max": 1.0,
    "p25": -1.0,
    "p75": -0.48767291009426117
  },
  "dim_15": {
    "mean": 0.05823153257369995,
    "std": 0.861600935459137,
    "min": -1.0,
    "max": 1.0,
    "p25": -0.8597304821014404,
    "p75": 1.0
  },
  "dim_16": {
    "mean": 0.7639439702033997,
    "std": 0.3383798599243164,
    "min": 0.0,
    "max": 1.0,
    "p25": 0.6305881887674332,
    "p75": 1.0
  },
  "dim_17": {
    "mean": 0.3703426718711853,
    "std": 0.42449045181274414,
    "min": 0.0,
    "max": 1.0,
    "p25": 0.0,
    "p75": 0.9137154519557953
  },
  "dim_18": {
    "mean": 0.47639137506484985,
    "std": 0.4235685169696808,
    "min": 0.0,
    "max": 1.0,
    "p25": 0.0,
    "p75": 0.9502527415752411
  },
  "dim_19": {
    "mean": 0.18991385400295258,
    "std": 0.3339906632900238,
    "min": 0.0,
    "max": 1.0,
    "p25": 0.0,
    "p75": 0.1248335000127554
  },
  "dim_20": {
    "mean": 0.8784512281417847,
    "std": 0.23124198615550995,
    "min": 0.0,
    "max": 1.0,
    "p25": 0.8682849407196045,
    "p75": 1.0
  },
  "dim_21": {
    "mean": 0.0416666679084301,
    "std": 0.19982630014419556,
    "min": 0.0,
    "max": 1.0,
    "p25": 0.0,
    "p75": 0.0
  },
  "dim_22": {
    "mean": 0.9368202090263367,
    "std": 0.15023402869701385,
    "min": 0.15041124820709229,
    "max": 1.0,
    "p25": 0.9732537865638733,
    "p75": 1.0
  },
  "dim_23": {
    "mean": 0.15981881320476532,
    "std": 0.3519307076931,
    "min": 0.0,
    "max": 1.0,
    "p25": 0.0,
    "p75": 0.0
  }
}