{
  "dim_0": {
    "mean": 0.8577539324760437,
    "std": 0.4363595247268677,
    "min": -1.0,
    "max": 1.0,
    "p25": 1.0,
    "p75": 1.0
  },
  "dim_1": {
    "mean": -0.7564206719398499,
    "std": 0.36354348063468933,
    "min": -1.0,
    "max": 1.0,
    "p25": -1.0,
    "p75": -0.7139965295791626
  },
  "dim_2": {
    "mean": 0.25550001859664917,
    "std": 0.8564103841781616,
    "min": -1.0,
    "max": 1.0,
    "p25": -1.0,
    "p75": 0.9191344380378723
  },
  "dim_3": {
    "mean": 0.08432451635599136,
    "std": 0.5565521121025085,
    "min": -1.0,
    "max": 1.0,
    "p25": -0.11514098383486271,
    "p75": 0.440324604511261
  },
  "dim_4": {
    "mean": 0.2855449616909027,
    "std": 0.7748875617980957,
    "min": -1.0,
    "max": 1.0,
    "p25": -0.6272321939468384,
    "p75": 0.8610873967409134
  },
  "dim_5": {
    "mean": 0.42451417446136475,
    "std": 0.7000585198402405,
    "min": -1.0,
    "max": 1.0,
    "p25": 0.0532743651419878,
    "p75": 1.0
  },
  "dim_6": {
    "mean": 0.5609700679779053,
    "std": 0.7409783601760864,
    "min": -1.0,
    "max": 1.0,
    "p25": 0.2516370117664337,
    "p75": 1.0
  },
  "dim_7": {
    "mean": 0.20642386376857758,
    "std": 0.9472984671592712,
    "min": -1.0,
    "max": 1.0,
    "p25": -1.0,
    "p75": 1.0
  },
  "dim_8": {
    "mean": 0.07193565368652344,
    "std": 0.3958011269569397,
    "min": -0.6500840187072754,
    "max": 1.0,
    "p25": -0.1923796385526657,
    "p75": 0.34900468587875366
  },
  "dim_9": {
    "mean": -0.13904675841331482,
    "std": 0.545393168926239,
    "min": -1.0,
    "max": 1.0,
    "p25": -0.6227478682994843,
    "p75": 0.11212334409356117
  },
  "dim_10": {
    "mean": -0.35775041580200195,
    "std": 0.5975180864334106,
    "min": -1.0,
    "max": 1.0,
    "p25": -0.7919468283653259,
    "p75": -0.1575547270476818
  },
  "dim_11": {
    "mean": -0.2420399785041809,
    "std": 0.6687577366828918,
    "min": -1.0,
    "max": 0.8889498114585876,
    "p25": -0.9237564951181412,
    "p75": 0.4381474405527115
  },
  "dim_12": {
    "mean": 0.5733899474143982,
    "std": 0.6097139120101929,
    "min": -1.0,
    "max": 1.0,
    "p25": 0.23408695682883263,
    "p75": 1.0
  },
  "dim_13": {
    "mean": 0.06615596264600754,
    "std": 0.4435039162635803,
    "min": -1.0,
    "max": 1.0,
    "p25": -0.06395908445119858,
    "p75": 0.22757960483431816
  },
  "dim_14": {
    "mean": 0.13643501698970795,
    "std": 0.7002286314964294,
    "min": -1.0,
    "max": 1.0,
    "p25": -0.47597261518239975,
    "p75": 0.8694561123847961
  },
  "dim_15": {
    "mean": -0.2658938467502594,
    "std": 0.22524350881576538,
    "min": -0.7709732055664062,
    "max": 0.5298889875411987,
    "p25": -0.3736329525709152,
    "p75": -0.11850038729608059
  },
  "dim_16": {
    "mean": 0.5057596564292908,
    "std": 0.46555468440055847,
    "min": 0.0,
    "max": 1.0,
    "p25": 0.0,
    "p75": 1.0
  },
  "dim_17": {
    "mean": 0.6041666865348816,
    "std": 0.4890289306640625,
    "min": 0.0,
    "max": 1.0,
    "p25": 0.0,
    "p75": 1.0
  },
  "dim_18": {
    "mean": 0.875,
    "std": 0.33071890473365784,
    "min": 0.0,
    "max": 1.0,
    "p25": 1.0,
    "p75": 1.0
  },
  "dim_19": {
    "mean": 0.25709640979766846,
    "std": 0.370897114276886,
    "min": 0.0,
    "max": 1.0,
    "p25": 0.0,
    "p75": 0.6555200219154358
  },
  "dim_20": {
    "mean": 0.6534468531608582,
    "std": 0.27251753211021423,
    "min": 0.0,
    "max": 1.0,
    "p25": 0.6357444822788239,
    "p75": 0.7941295653581619
  },
  "dim_21": {
    "mean": 0.23368479311466217,
    "std": 0.15334542095661163,
    "min": 0.0,
    "max": 0.6180459856987,
    "p25": 0.14777613431215286,
    "p75": 0.31364135444164276
  },
  "dim_22": {
    "mean": 0.767332136631012,
    "std": 0.3819933831691742,
    "min": 0.0,
    "max": 1.0,
    "p25": 0.45319168269634247,
    "p75": 1.0
  },
  "dim_23": {
    "mean": 0.6048354506492615,
    "std": 0.32562845945358276,
    "min": 0.0,
    "max": 0.9344469904899597,
    "p25": 0.270571805536747,
    "p75": 0.8067288398742676
  }
}