{
  "dim_0": {
    "mean": -0.41683197021484375,
    "std": 0.6800441145896912,
    "min": -1.0,
    "max": 1.0,
    "p25": -1.0,
    "p75": 0.1559407077729702
  },
  "dim_1": {
    "mean": -0.2661464214324951,
    "std": 0.6155910491943359,
    "min": -1.0,
    "max": 1.0,
    "p25": -0.7375322729349136,
    "p75": 0.05028923600912094
  },
  "dim_2": {
    "mean": 0.5837528109550476,
    "std": 0.7120990753173828,
    "min": -1.0,
    "max": 1.0,
    "p25": 0.5273152887821198,
    "p75": 1.0
  },
  "dim_3": {
    "mean": 0.5680794715881348,
    "std": 0.3797529339790344,
    "min": -1.0,
    "max": 1.0,
    "p25": 0.433854877948761,
    "p75": 0.768418624997139
  },
  "dim_4": {
    "mean": 0.6805375814437866,
    "std": 0.48051637411117554,
    "min": -1.0,
    "max": 1.0,
    "p25": 0.4309539645910263,
    "p75": 1.0
  },
  "dim_5": {
    "mean": -0.9163996577262878,
    "std": 0.20972968637943268,
    "min": -1.0,
    "max": 0.1867642104625702,
    "p25": -1.0,
    "p75": -1.0
  },
  "dim_6": {
    "mean": 0.9368736147880554,
    "std": 0.29262983798980713,
    "min": -0.7149914503097534,
    "max": 1.0,
    "p25": 1.0,
    "p75": 1.0
  },
  "dim_7": {
    "mean": -0.4920583963394165,
    "std": 0.6042633652687073,
    "min": -1.0,
    "max": 1.0,
    "p25": -1.0,
    "p75": -0.1790846660733223
  },
  "dim_8": {
    "mean": -0.6680859923362732,
    "std": 0.4311597943305969,
    "min": -1.0,
    "max": 1.0,
    "p25": -1.0,
    "p75": -0.2673530578613281
  },
  "dim_9": {
    "mean": 0.6449857950210571,
    "std": 0.26189765334129333,
    "min": -0.23074719309806824,
    "max": 1.0,
    "p25": 0.48637674003839493,
    "p75": 0.7846467345952988
  },
  "dim_10": {
    "mean": -0.15466240048408508,
    "std": 0.8288435339927673,
    "min": -1.0,
    "max": 1.0,
    "p25": -0.9840750992298126,
    "p75": 0.9109581261873245
  },
  "dim_11": {
    "mean": -0.18557874858379364,
    "std": 0.5787948369979858,
    "min": -1.0,
    "max": 0.8689091801643372,
    "p25": -0.7765488177537918,
    "p75": 0.32538555562496185
  },
  "dim_12": {
    "mean": -0.5611082911491394,
    "std": 0.38306283950805664,
    "min": -1.0,
    "max": 0.2396485060453415,
    "p25": -0.9521266222000122,
    "p75": -0.2529791444540024
  },
  "dim_13": {
    "mean": -0.4367300271987915,
    "std": 0.46135199069976807,
    "min": -1.0,
    "max": 1.0,
    "p25": -0.9307357519865036,
    "p75": -0.11850327998399734
  },
  "dim_14": {
    "mean": -0.9360748529434204,
    "std": 0.1678410917520523,
    "min": -1.0,
    "max": 0.0026924386620521545,
    "p25": -1.0,
    "p75": -1.0
  },
  "dim_15": {
    "mean": -0.007594296708703041,
    "std": 0.7223306894302368,
    "min": -1.0,
    "max": 1.0,
    "p25": -0.550946831703186,
    "p75": 0.9214267432689667
  },
  "dim_16": {
    "mean": 0.9446770548820496,
    "std": 0.16119763255119324,
    "min": 0.0,
    "max": 1.0,
    "p25": 1.0,
    "p75": 1.0
  },
  "dim_17": {
    "mean": 0.3116251528263092,
    "std": 0.3098457455635071,
    "min": 0.0,
    "max": 1.0,
    "p25": 0.0,
    "p75": 0.505784884095192
  },
  "dim_18": {
    "mean": 0.8877032995223999,
    "std": 0.24788133800029755,
    "min": 0.0,
    "max": 1.0,
    "p25": 1.0,
    "p75": 1.0
  },
  "dim_19": {
    "mean": 0.6870959401130676,
    "std": 0.3831441104412079,
    "min": 0.0,
    "max": 1.0,
    "p25": 0.33393894881010056,
    "p75": 1.0
  },
  "dim_20": {
    "mean": 0.3052392601966858,
    "std": 0.4367799460887909,
    "min": 0.0,
    "max": 1.0,
    "p25": 0.0,
    "p75": 0.8572220653295517
  },
  "dim_21": {
    "mean": 0.3481542468070984,
    "std": 0.3548324406147003,
    "min": 0.0,
    "max": 0.8864614963531494,
    "p25": 0.0,
    "p75": 0.7014514952898026
  },
  "dim_22": {
    "mean": 0.10686808824539185,
    "std": 0.23437516391277313,
    "min": 0.0,
    "max": 1.0,
    "p25": 0.0,
    "p75": 0.062467580661177635
  },
  "dim_23": {
    "mean": 0.8726977109909058,
    "std": 0.328971266746521,
    "min": 0.0,
    "max": 1.0,
    "p25": 1.0,
    "p75": 1.0
  }
}