{
  "dim_0": {
    "mean": -0.49114078283309937,
    "std": 0.6672973036766052,
    "min": -1.0,
    "max": 1.0,
    "p25": -1.0,
    "p75": -0.3679680973291397
  },
  "dim_1": {
    "mean": -0.37963104248046875,
    "std": 0.604481041431427,
    "min": -1.0,
    "max": 1.0,
    "p25": -0.8104433715343475,
    "p75": -0.068219393491745
  },
  "dim_2": {
    "mean": -0.15708018839359283,
    "std": 0.8358638286590576,
    "min": -1.0,
    "max": 1.0,
    "p25": -1.0,
    "p75": 0.817211240530014
  },
  "dim_3": {
    "mean": 0.7989552617073059,
    "std": 0.20208944380283356,
    "min": 0.3585137128829956,
    "max": 1.0,
    "p25": 0.63154736161232,
    "p75": 0.9926410019397736
  },
  "dim_4": {
    "mean": -0.8821236491203308,
    "std": 0.2002977579832077,
    "min": -1.0,
    "max": -0.303525447845459,
    "p25": -1.0,
    "p75": -0.8371558338403702
  },
  "dim_5": {
    "mean": 0.07548943161964417,
    "std": 0.5865544080734253,
    "min": -0.7696566581726074,
    "max": 1.0,
    "p25": -0.4973454251885414,
    "p75": 0.6747988611459732
  },
  "dim_6": {
    "mean": 0.07960319519042969,
    "std": 0.8001978397369385,
    "min": -1.0,
    "max": 1.0,
    "p25": -0.8596329838037491,
    "p75": 0.8096872270107269
  },
  "dim_7": {
    "mean": -0.3496565520763397,
    "std": 0.5825706124305725,
    "min": -1.0,
    "max": 1.0,
    "p25": -0.9423078745603561,
    "p75": 0.06046540755778551
  },
  "dim_8": {
    "mean": 0.145480677485466,
    "std": 0.7527190446853638,
    "min": -1.0,
    "max": 1.0,
    "p25": -0.5241459459066391,
    "p75": 1.0
  },
  "dim_9": {
    "mean": 0.2626795768737793,
    "std": 0.9027676582336426,
    "min": -1.0,
    "max": 1.0,
    "p25": -1.0,
    "p75": 1.0
  },
  "dim_10": {
    "mean": -0.32457461953163147,
    "std": 0.7649374008178711,
    "min": -1.0,
    "max": 1.0,
    "p25": -1.0,
    "p75": 0.3439368009567261
  },
  "dim_11": {
    "mean": 0.0393708236515522,
    "std": 0.5314169526100159,
    "min": -1.0,
    "max": 0.8799852728843689,
    "p25": -0.19128932058811188,
    "p75": 0.4601003974676132
  },
  "dim_12": {
    "mean": 0.3427351713180542,
    "std": 0.6423228979110718,
    "min": -1.0,
    "max": 1.0,
    "p25": -0.19809917733073235,
    "p75": 1.0
  },
  "dim_13": {
    "mean": 0.5556999444961548,
    "std": 0.36227869987487793,
    "min": -0.6076517701148987,
    "max": 1.0,
    "p25": 0.2833789139986038,
    "p75": 0.897451639175415
  },
  "dim_14": {
    "mean": 0.37657374143600464,
    "std": 0.7276396751403809,
    "min": -1.0,
    "max": 1.0,
    "p25": -0.3059693053364754,
    "p75": 1.0
  },
  "dim_15": {
    "mean": 0.5967742204666138,
    "std": 0.5340855717658997,
    "min": -0.6993984580039978,
    "max": 1.0,
    "p25": 0.07649948075413704,
    "p75": 1.0
  },
  "dim_16": {
    "mean": 0.541557252407074,
    "std": 0.48231831192970276,
    "min": 0.0,
    "max": 1.0,
    "p25": 0.0,
    "p75": 1.0
  },
  "dim_17": {
    "mean": 0.24315838515758514,
    "std": 0.37526172399520874,
    "min": 0.0,
    "max": 1.0,
    "p25": 0.0,
    "p75": 0.29758036881685257
  },
  "dim_18": {
    "mean": 0.8399178385734558,
    "std": 0.2598962187767029,
    "min": 0.10431168228387833,
    "max": 1.0,
    "p25": 0.7557720839977264,
    "p75": 1.0
  },
  "dim_19": {
    "mean": 0.11094485223293304,
    "std": 0.2761339247226715,
    "min": 0.0,
    "max": 1.0,
    "p25": 0.0,
    "p75": 0.0
  },
  "dim_20": {
    "mean": 0.2175130695104599,
    "std": 0.372494101524353,
    "min": 0.0,
    "max": 1.0,
    "p25": 0.0,
    "p75": 0.35107387602329254
  },
  "dim_21": {
    "mean": 0.3559688925743103,
    "std": 0.41431641578674316,
    "min": 0.0,
    "max": 1.0,
    "p25": 0.0,
    "p75": 0.7440750300884247
  },
  "dim_22": {
    "mean": 0.8955376744270325,
    "std": 0.14515653252601624,
    "min": 0.33934271335601807,
    "max": 1.0,
    "p25": 0.7654353976249695,
    "p75": 1.0
  },
  "dim_23": {
    "mean": 0.3394240140914917,
    "std": 0.4497890770435333,
    "min": 0.0,
    "max": 1.0,
    "p25": 0.0,
    "p75": 0.9572154581546783
  }
}