{
  "dim_0": {
    "mean": -0.02197692170739174,
    "std": 0.8747189044952393,
    "min": -1.0,
    "max": 1.0,
    "p25": -1.0,
    "p75": 1.0
  },
  "dim_1": {
    "mean": 0.11049366742372513,
    "std": 0.903695821762085,
    "min": -1.0,
    "max": 1.0,
    "p25": -1.0,
    "p75": 1.0
  },
  "dim_2": {
    "mean": 0.38526928424835205,
    "std": 0.6518945097923279,
    "min": -1.0,
    "max": 1.0,
    "p25": -0.024161212146282196,
    "p75": 1.0
  },
  "dim_3": {
    "mean": 0.45025435090065,
    "std": 0.7946152091026306,
    "min": -1.0,
    "max": 1.0,
    "p25": -0.04926445335149765,
    "p75": 1.0
  },
  "dim_4": {
    "mean": -0.3005458116531372,
    "std": 0.8193265795707703,
    "min": -1.0,
    "max": 1.0,
    "p25": -1.0,
    "p75": 0.5074306130409241
  },
  "dim_5": {
    "mean": 0.7951985597610474,
    "std": 0.5355151891708374,
    "min": -1.0,
    "max": 1.0,
    "p25": 1.0,
    "p75": 1.0
  },
  "dim_6": {
    "mean": -0.041443996131420135,
    "std": 0.7865844368934631,
    "min": -1.0,
    "max": 1.0,
    "p25": -0.7887542247772217,
    "p75": 0.8348729014396667
  },
  "dim_7": {
    "mean": -0.6894730925559998,
    "std": 0.369873970746994,
    "min": -1.0,
    "max": 1.0,
    "p25": -1.0,
    "p75": -0.4359528720378876
  },
  "dim_8": {
    "mean": -0.4279683530330658,
    "std": 0.807695209980011,
    "min": -1.0,
    "max": 1.0,
    "p25": -1.0,
    "p75": 0.3871989846229553
  },
  "dim_9": {
    "mean": 0.6899958252906799,
    "std": 0.3816598057746887,
    "min": -0.23683108389377594,
    "max": 1.0,
    "p25": 0.2980738878250122,
    "p75": 1.0
  },
  "dim_10": {
    "mean": -0.23873023688793182,
    "std": 0.7336766719818115,
    "min": -1.0,
    "max": 1.0,
    "p25": -0.811612606048584,
    "p75": 0.43396154046058655
  },
  "dim_11": {
    "mean": 0.16645105183124542,
    "std": 0.588126003742218,
    "min": -1.0,
    "max": 1.0,
    "p25": -0.32230910658836365,
    "p75": 0.9097049236297607
  },
  "dim_12": {
    "mean": -0.5253946185112,
    "std": 0.6332349181175232,
    "min": -1.0,
    "max": 1.0,
    "p25": -1.0,
    "p75": 0.23834189772605896
  },
  "dim_13": {
    "mean": 0.42783695459365845,
    "std": 0.18072134256362915,
    "min": -0.01335805281996727,
    "max": 1.0,
    "p25": 0.2822829782962799,
    "p75": 0.5068869590759277
  },
  "dim_14": {
    "mean": -0.8110008835792542,
    "std": 0.26272329688072205,
    "min": -1.0,
    "max": -0.1478210836648941,
    "p25": -1.0,
    "p75": -0.6157433390617371
  },
  "dim_15": {
    "mean": 0.2654035985469818,
    "std": 0.11662698537111282,
    "min": -0.544157862663269,
    "max": 0.467479407787323,
    "p25": 0.21196697652339935,
    "p75": 0.34142693877220154
  },
  "dim_16": {
    "mean": 0.8639002442359924,
    "std": 0.1913369596004486,
    "min": 0.0,
    "max": 1.0,
    "p25": 0.7546910047531128,
    "p75": 1.0
  },
  "dim_17": {
    "mean": 0.8750081658363342,
    "std": 0.2444354146718979,
    "min": 0.0,
    "max": 1.0,
    "p25": 0.8227273225784302,
    "p75": 1.0
  },
  "dim_18": {
    "mean": 0.6986036896705627,
    "std": 0.443903386592865,
    "min": 0.0,
    "max": 1.0,
    "p25": 0.04464077204465866,
    "p75": 1.0
  },
  "dim_19": {
    "mean": 0.5036958456039429,
    "std": 0.4940929710865021,
    "min": 0.0,
    "max": 1.0,
    "p25": 0.0,
    "p75": 1.0
  },
  "dim_20": {
    "mean": 0.7214869856834412,
    "std": 0.33107537031173706,
    "min": 0.0,
    "max": 1.0,
    "p25": 0.5446115732192993,
    "p75": 1.0
  },
  "dim_21": {
    "mean": 0.0,
    "std": 0.0,
    "min": 0.0,
    "max": 0.0,
    "p25": 0.0,
    "p75": 0.0
  },
  "dim_22": {
    "mean": 0.5103715658187866,
    "std": 0.3948202133178711,
    "min": 0.0,
    "max": 1.0,
    "p25": 0.0,
    "p75": 0.7591515183448792
  },
  "dim_23": {
    "mean": 0.3667545020580292,
    "std": 0.4643494784832001,
    "min": 0.0,
    "max": 1.0,
    "p25": 0.0,
    "p75": 1.0
  }
}