{
  "dim_0": {
    "mean": 0.5062898397445679,
    "std": 0.000692990142852068,
    "min": 0.5045366883277893,
    "max": 0.5085728168487549,
    "p25": 0.5058629512786865,
    "p75": 0.5067202150821686
  },
  "dim_1": {
    "mean": 0.5020636916160583,
    "std": 0.0006433885428123176,
    "min": 0.5008825063705444,
    "max": 0.503302812576294,
    "p25": 0.5015217363834381,
    "p75": 0.502716913819313
  },
  "dim_2": {
    "mean": 0.46854156255722046,
    "std": 0.005613601766526699,
    "min": 0.4561685025691986,
    "max": 0.4785688519477844,
    "p25": 0.46323707699775696,
    "p75": 0.4736727178096771
  },
  "dim_3": {
    "mean": -0.3312477767467499,
    "std": 0.01226722914725542,
    "min": -0.3630002737045288,
    "max": -0.2857885956764221,
    "p25": -0.3394097536802292,
    "p75": -0.32368315756320953
  },
  "dim_4": {
    "mean": 0.5068160891532898,
    "std": 0.00042269282857887447,
    "min": 0.5056734085083008,
    "max": 0.5078414082527161,
    "p25": 0.5064412653446198,
    "p75": 0.5071215927600861
  }
}