{
  "dim_0": {
    "mean": 0.27275949716567993,
    "std": 0.03008166514337063,
    "min": 0.22231513261795044,
    "max": 0.5697370767593384,
    "p25": 0.24886508658528328,
    "p75": 0.28951752930879593
  },
  "dim_1": {
    "mean": 0.6460983157157898,
    "std": 0.05012435466051102,
    "min": 0.43171438574790955,
    "max": 0.7336406111717224,
    "p25": 0.6316930800676346,
    "p75": 0.6742893010377884
  },
  "dim_2": {
    "mean": 0.6364212036132812,
    "std": 0.06327734142541885,
    "min": 0.42497289180755615,
    "max": 0.7691223621368408,
    "p25": 0.585569828748703,
    "p75": 0.688259556889534
  },
  "dim_3": {
    "mean": -0.7777329087257385,
    "std": 0.11647840589284897,
    "min": -0.9831437468528748,
    "max": -0.6112196445465088,
    "p25": -0.901134192943573,
    "p75": -0.6692662090063095
  },
  "dim_4": {
    "mean": 0.5580772161483765,
    "std": 0.05474138632416725,
    "min": 0.4147973358631134,
    "max": 0.6544287800788879,
    "p25": 0.504804253578186,
    "p75": 0.6061165034770966
  }
}