{
  "dim_0": {
    "mean": 0.4914310872554779,
    "std": 0.0007730391225777566,
    "min": 0.48940399289131165,
    "max": 0.4934720993041992,
    "p25": 0.490805022418499,
    "p75": 0.4919767901301384
  },
  "dim_1": {
    "mean": 0.5053206086158752,
    "std": 0.0005761269712820649,
    "min": 0.5024775862693787,
    "max": 0.5067819356918335,
    "p25": 0.5048879534006119,
    "p75": 0.5057536959648132
  },
  "dim_2": {
    "mean": 0.5081875324249268,
    "std": 0.0011262103216722608,
    "min": 0.5057300925254822,
    "max": 0.5106127858161926,
    "p25": 0.5072379410266876,
    "p75": 0.5091124624013901
  },
  "dim_3": {
    "mean": 0.6973438858985901,
    "std": 0.04103788360953331,
    "min": 0.5404446125030518,
    "max": 0.7747625112533569,
    "p25": 0.6655183434486389,
    "p75": 0.7308657765388489
  },
  "dim_4": {
    "mean": 0.5027199387550354,
    "std": 0.0008877563523128629,
    "min": 0.5011292695999146,
    "max": 0.5041003227233887,
    "p25": 0.5018384158611298,
    "p75": 0.5036056786775589
  }
}