{
  "dim_0": {
    "mean": 0.4868484139442444,
    "std": 0.06090887263417244,
    "min": 0.3946305513381958,
    "max": 0.6501052975654602,
    "p25": 0.4378870204091072,
    "p75": 0.5301334410905838
  },
  "dim_1": {
    "mean": 0.5002076625823975,
    "std": 0.030939988791942596,
    "min": 0.43368056416511536,
    "max": 0.5814549326896667,
    "p25": 0.47684096544981003,
    "p75": 0.5207347273826599
  },
  "dim_2": {
    "mean": 0.5439294576644897,
    "std": 0.12670260667800903,
    "min": 0.27438750863075256,
    "max": 0.6820322871208191,
    "p25": 0.4068967029452324,
    "p75": 0.6439937949180603
  },
  "dim_3": {
    "mean": -0.4696510434150696,
    "std": 0.24313712120056152,
    "min": -0.7410155534744263,
    "max": -0.048425495624542236,
    "p25": -0.6664814054965973,
    "p75": -0.17558740079402924
  },
  "dim_4": {
    "mean": 0.5645833611488342,
    "std": 0.02212708257138729,
    "min": 0.4919096529483795,
    "max": 0.6236070990562439,
    "p25": 0.5519169420003891,
    "p75": 0.5795065611600876
  }
}