{
  "dim_0": {
    "mean": 0.5200719237327576,
    "std": 0.002739622024819255,
    "min": 0.5085634589195251,
    "max": 0.5253612995147705,
    "p25": 0.5182880759239197,
    "p75": 0.5220048874616623
  },
  "dim_1": {
    "mean": 0.5148650407791138,
    "std": 0.0006199077470228076,
    "min": 0.5103635787963867,
    "max": 0.516422688961029,
    "p25": 0.5144066661596298,
    "p75": 0.5153170824050903
  },
  "dim_2": {
    "mean": 0.4717046916484833,
    "std": 0.0032441173680126667,
    "min": 0.4641771912574768,
    "max": 0.47825193405151367,
    "p25": 0.469725638628006,
    "p75": 0.47367651015520096
  },
  "dim_3": {
    "mean": -0.9265058636665344,
    "std": 0.009320680983364582,
    "min": -0.9439998865127563,
    "max": -0.8458248376846313,
    "p25": -0.9334093928337097,
    "p75": -0.9209834933280945
  },
  "dim_4": {
    "mean": 0.5138168334960938,
    "std": 0.0017042512772604823,
    "min": 0.509527325630188,
    "max": 0.5171441435813904,
    "p25": 0.51270592212677,
    "p75": 0.514982059597969
  }
}