{
  "dim_0": {
    "mean": 0.5027018189430237,
    "std": 0.00027535340632312,
    "min": 0.5012078881263733,
    "max": 0.5033454895019531,
    "p25": 0.5025357306003571,
    "p75": 0.5028949826955795
  },
  "dim_1": {
    "mean": 0.4968441426753998,
    "std": 0.0011658059665933251,
    "min": 0.49416112899780273,
    "max": 0.49894607067108154,
    "p25": 0.496000237762928,
    "p75": 0.49789467453956604
  },
  "dim_2": {
    "mean": 0.49776729941368103,
    "std": 0.0007641052943654358,
    "min": 0.4960533082485199,
    "max": 0.4993281662464142,
    "p25": 0.4971363991498947,
    "p75": 0.4983670637011528
  },
  "dim_3": {
    "mean": 0.70857173204422,
    "std": 0.03909306973218918,
    "min": 0.5521233081817627,
    "max": 0.7826281785964966,
    "p25": 0.6781639456748962,
    "p75": 0.7400936186313629
  },
  "dim_4": {
    "mean": 0.4924497902393341,
    "std": 0.0018743209075182676,
    "min": 0.4880164563655853,
    "max": 0.4962198734283447,
    "p25": 0.49104371666908264,
    "p75": 0.49398884922266006
  }
}