{
  "dim_0": {
    "mean": 0.5071582794189453,
    "std": 0.0020365018863230944,
    "min": 0.5034754872322083,
    "max": 0.510637640953064,
    "p25": 0.5051389187574387,
    "p75": 0.5090951174497604
  },
  "dim_1": {
    "mean": 0.5211445093154907,
    "std": 0.0016921941423788667,
    "min": 0.5169562697410583,
    "max": 0.525980532169342,
    "p25": 0.5199094712734222,
    "p75": 0.5223278254270554
  },
  "dim_2": {
    "mean": 0.5010794401168823,
    "std": 0.0021174612920731306,
    "min": 0.4964565932750702,
    "max": 0.5041533708572388,
    "p25": 0.49941281229257584,
    "p75": 0.5030757933855057
  },
  "dim_3": {
    "mean": -0.7965665459632874,
    "std": 0.023291828110814095,
    "min": -0.8396615982055664,
    "max": -0.6720556020736694,
    "p25": -0.8157042562961578,
    "p75": -0.7792104631662369
  },
  "dim_4": {
    "mean": 0.4744977355003357,
    "std": 0.0032794044818729162,
    "min": 0.4672274887561798,
    "max": 0.48110929131507874,
    "p25": 0.4718964174389839,
    "p75": 0.4768141135573387
  }
}