{
  "dim_0": {
    "mean": 0.50295090675354,
    "std": 0.0005848358268849552,
    "min": 0.5019149780273438,
    "max": 0.5043895840644836,
    "p25": 0.5024756789207458,
    "p75": 0.503401055932045
  },
  "dim_1": {
    "mean": 0.4984922707080841,
    "std": 0.000353003793861717,
    "min": 0.49741238355636597,
    "max": 0.4992021918296814,
    "p25": 0.49823320657014847,
    "p75": 0.4987780302762985
  },
  "dim_2": {
    "mean": 0.4732709228992462,
    "std": 0.004687996581196785,
    "min": 0.46265166997909546,
    "max": 0.48159557580947876,
    "p25": 0.46891046315431595,
    "p75": 0.4774987921118736
  },
  "dim_3": {
    "mean": -0.3091849088668823,
    "std": 0.013714158907532692,
    "min": -0.34147530794143677,
    "max": -0.2698551416397095,
    "p25": -0.3191399574279785,
    "p75": -0.2999690920114517
  },
  "dim_4": {
    "mean": 0.5044088363647461,
    "std": 0.001034694374538958,
    "min": 0.5024732351303101,
    "max": 0.506220281124115,
    "p25": 0.5034838765859604,
    "p75": 0.5053034424781799
  }
}