{
  "dim_0": {
    "mean": 0.5145483016967773,
    "std": 0.0035571891348809004,
    "min": 0.5079478621482849,
    "max": 0.5226708650588989,
    "p25": 0.5114064812660217,
    "p75": 0.5171885043382645
  },
  "dim_1": {
    "mean": 0.5356449484825134,
    "std": 0.0030039246194064617,
    "min": 0.528116762638092,
    "max": 0.5431749224662781,
    "p25": 0.5334243923425674,
    "p75": 0.5377006828784943
  },
  "dim_2": {
    "mean": 0.5082088708877563,
    "std": 0.003901547286659479,
    "min": 0.4978550672531128,
    "max": 0.5146253108978271,
    "p25": 0.5049491673707962,
    "p75": 0.5119586437940598
  },
  "dim_3": {
    "mean": -0.9696203470230103,
    "std": 0.003677570493891835,
    "min": -0.9777504205703735,
    "max": -0.940523624420166,
    "p25": -0.9725514203310013,
    "p75": -0.9665970951318741
  },
  "dim_4": {
    "mean": 0.5284918546676636,
    "std": 0.0032535691279917955,
    "min": 0.5224184989929199,
    "max": 0.5367338061332703,
    "p25": 0.5257204920053482,
    "p75": 0.5309033989906311
  }
}