{
  "dim_0": {
    "mean": 0.5041542649269104,
    "std": 0.002593750599771738,
    "min": 0.4968874454498291,
    "max": 0.5083333253860474,
    "p25": 0.5018945932388306,
    "p75": 0.5066470503807068
  },
  "dim_1": {
    "mean": 0.5086995363235474,
    "std": 0.0019987134728580713,
    "min": 0.5041991472244263,
    "max": 0.5123016238212585,
    "p25": 0.5069636851549149,
    "p75": 0.5104089230298996
  },
  "dim_2": {
    "mean": 0.502990186214447,
    "std": 0.0012041470035910606,
    "min": 0.5009931325912476,
    "max": 0.5048133134841919,
    "p25": 0.5018139481544495,
    "p75": 0.504161611199379
  },
  "dim_3": {
    "mean": -0.9290056824684143,
    "std": 0.008850139565765858,
    "min": -0.945762574672699,
    "max": -0.8517131209373474,
    "p25": -0.9355562329292297,
    "p75": -0.9238744378089905
  },
  "dim_4": {
    "mean": 0.46327176690101624,
    "std": 0.0017715063877403736,
    "min": 0.4591100513935089,
    "max": 0.4692598283290863,
    "p25": 0.46201104670763016,
    "p75": 0.4644840285181999
  }
}