{
  "dim_0": {
    "mean": 0.5165500044822693,
    "std": 0.06533624976873398,
    "min": 0.4253438115119934,
    "max": 0.7023342847824097,
    "p25": 0.454794779419899,
    "p75": 0.5725695192813873
  },
  "dim_1": {
    "mean": 0.5443010926246643,
    "std": 0.04252961277961731,
    "min": 0.45774173736572266,
    "max": 0.6191860437393188,
    "p25": 0.5078012943267822,
    "p75": 0.5810570269823074
  },
  "dim_2": {
    "mean": 0.5287184119224548,
    "std": 0.05475437268614769,
    "min": 0.3824490010738373,
    "max": 0.6257346272468567,
    "p25": 0.4816797524690628,
    "p75": 0.5825187861919403
  },
  "dim_3": {
    "mean": -0.5511522889137268,
    "std": 0.10722901672124863,
    "min": -0.6882802248001099,
    "max": -0.16622412204742432,
    "p25": -0.6357632875442505,
    "p75": -0.4989486187696457
  },
  "dim_4": {
    "mean": 0.5872918963432312,
    "std": 0.0344422273337841,
    "min": 0.4991733133792877,
    "max": 0.6671380400657654,
    "p25": 0.5587519407272339,
    "p75": 0.61647829413414
  }
}