{
  "dim_0": {
    "mean": 0.4475550353527069,
    "std": 0.0024080751463770866,
    "min": 0.4420156180858612,
    "max": 0.4561694264411926,
    "p25": 0.44561758637428284,
    "p75": 0.4498249217867851
  },
  "dim_1": {
    "mean": 0.5387483239173889,
    "std": 0.0022375022526830435,
    "min": 0.5330040454864502,
    "max": 0.543262779712677,
    "p25": 0.5365713536739349,
    "p75": 0.5407004356384277
  },
  "dim_2": {
    "mean": 0.5053653120994568,
    "std": 0.003946098033338785,
    "min": 0.4929569959640503,
    "max": 0.5117369294166565,
    "p25": 0.5025608241558075,
    "p75": 0.508823424577713
  },
  "dim_3": {
    "mean": -0.967714786529541,
    "std": 0.003892627777531743,
    "min": -0.9764444231987,
    "max": -0.9386956095695496,
    "p25": -0.9709600657224655,
    "p75": -0.964465320110321
  },
  "dim_4": {
    "mean": 0.5010689496994019,
    "std": 0.0011776640312746167,
    "min": 0.4974454641342163,
    "max": 0.5029947757720947,
    "p25": 0.5002463161945343,
    "p75": 0.5021574944257736
  }
}