{
  "dim_0": {
    "mean": 0.5402591228485107,
    "std": 0.07580695301294327,
    "min": 0.401309072971344,
    "max": 0.7186676859855652,
    "p25": 0.475144624710083,
    "p75": 0.6100751608610153
  },
  "dim_1": {
    "mean": 0.5307347178459167,
    "std": 0.06734788417816162,
    "min": 0.4174984097480774,
    "max": 0.6815583109855652,
    "p25": 0.4730856940150261,
    "p75": 0.59837706387043
  },
  "dim_2": {
    "mean": 0.46102967858314514,
    "std": 0.14324845373630524,
    "min": 0.27939894795417786,
    "max": 0.7037685513496399,
    "p25": 0.327574722468853,
    "p75": 0.6162630915641785
  },
  "dim_3": {
    "mean": 0.36170095205307007,
    "std": 0.28866684436798096,
    "min": -0.07898974418640137,
    "max": 0.8547496795654297,
    "p25": 0.05977940559387207,
    "p75": 0.6458404362201691
  },
  "dim_4": {
    "mean": 0.5846577286720276,
    "std": 0.08869712054729462,
    "min": 0.4262663424015045,
    "max": 0.7091167569160461,
    "p25": 0.4959408864378929,
    "p75": 0.6696006059646606
  }
}