{
  "dim_0": {
    "mean": 0.5063223242759705,
    "std": 0.0006612905417568982,
    "min": 0.504956841468811,
    "max": 0.5075957179069519,
    "p25": 0.5057102888822556,
    "p75": 0.5068972408771515
  },
  "dim_1": {
    "mean": 0.49416783452033997,
    "std": 0.00023878348292782903,
    "min": 0.49356192350387573,
    "max": 0.4955230951309204,
    "p25": 0.49400466680526733,
    "p75": 0.49430739879608154
  },
  "dim_2": {
    "mean": 0.51667320728302,
    "std": 0.0007161889225244522,
    "min": 0.512122392654419,
    "max": 0.5183966755867004,
    "p25": 0.5162362605333328,
    "p75": 0.5171601921319962
  },
  "dim_3": {
    "mean": -0.7980908751487732,
    "std": 0.02307017147541046,
    "min": -0.8404029607772827,
    "max": -0.6721149682998657,
    "p25": -0.8169095069169998,
    "p75": -0.7807613164186478
  },
  "dim_4": {
    "mean": 0.5004861354827881,
    "std": 0.0015193290309980512,
    "min": 0.49725034832954407,
    "max": 0.5038294196128845,
    "p25": 0.4996150806546211,
    "p75": 0.5016952455043793
  }
}