{
  "dim_0": {
    "mean": 0.4496954679489136,
    "std": 0.061030544340610504,
    "min": 0.3829737603664398,
    "max": 0.6303008198738098,
    "p25": 0.3963337317109108,
    "p75": 0.4948367699980736
  },
  "dim_1": {
    "mean": 0.41688787937164307,
    "std": 0.03483165428042412,
    "min": 0.3082742691040039,
    "max": 0.47050532698631287,
    "p25": 0.39479781687259674,
    "p75": 0.44562242925167084
  },
  "dim_2": {
    "mean": 0.38509827852249146,
    "std": 0.06077830493450165,
    "min": 0.27231353521347046,
    "max": 0.5118855237960815,
    "p25": 0.33140700310468674,
    "p75": 0.43211977183818817
  },
  "dim_3": {
    "mean": -0.5024498701095581,
    "std": 0.21173687279224396,
    "min": -0.7227870225906372,
    "max": -0.1139829158782959,
    "p25": -0.669093906879425,
    "p75": -0.24184450507164001
  },
  "dim_4": {
    "mean": 0.44288673996925354,
    "std": 0.08194783329963684,
    "min": 0.30706602334976196,
    "max": 0.6247521042823792,
    "p25": 0.3731473982334137,
    "p75": 0.5108785778284073
  }
}