{
  "representative_run_id": "dc_microgrid_sac_train_s0_20260430_021749_807228",
  "representative_split": "iid",
  "representative_episode_idx": 5,
  "episode_reward": -1754.0292069017887,
  "soc_min": 0.5663661360740662,
  "soc_max": 0.8999999761581421,
  "temperature_c_min": 21.950153350830078,
  "temperature_c_max": 27.089387893676758,
  "mean_power_balance_error": 1.3650366533422763e-08,
  "max_power_balance_error": 6.527311609874595e-08,
  "sla_deficit_any": false,
  "mean_cost_power_deficit": 0.0,
  "mean_cost_power_spill": 0.0,
  "pv_peak_mw": 0.7086254358291626,
  "pv_energy_mwh": 5.172493336955085,
  "grid_import_mwh": 17.446242315073807,
  "grid_cost": 1155.0271224230528,
  "price_min_per_mwh": 5.239999771118164,
  "price_max_per_mwh": 110.1500015258789,
  "price_mean_per_mwh": 66.14291644096375,
  "battery_charge_steps": 104,
  "battery_discharge_steps": 98,
  "price_battery_power_corr": 0.7821106995657476,
  "representative_n_episodes_span": 20,
  "pv_capacity_mw": 0.8,
  "pv_peak_capacity_factor": 0.8857817947864532
}